patient_id,first_name,last_name,date_of_birth,gender,phone,email,city,registration_date,blood_group,insurance_provider
P001,Sanya,Chana,1968-07-30,Male,3434152581,sanya.chana@example.com,Mysuru,2020-02-19,A-,Niva Bupa
P002,Qarin,Barman,1965-04-20,Female,2627232327,qarin.barman@example.com,Mumbai,2026-02-27,B+,ICICI Lombard
P003,Advika,Master,1985-04-14,Male,7879307510,advika.master@example.com,Chennai,2021-09-01,B+,ICICI Lombard
P004,Chanakya,Date,1966-11-23,Female,4045711852,chanakya.date@example.com,Vellore,2021-11-14,B-,Star Health
P005,Ekiya,Subramanian,1956-04-22,Female,3654181431,ekiya.subramanian@example.com,Mumbai,2020-11-16,B+,Bajaj Allianz
P006,Upkaar,Karnik,1998-04-24,Male,1415636665,upkaar.karnik@example.com,Mysuru,2020-11-26,AB+,Care Health
P007,Ekansh,Wason,1975-07-26,Female,9200733484,ekansh.wason@example.com,Mumbai,2026-01-22,O+,HDFC ERGO
P008,Vasatika,Chowdhury,1970-10-16,Female,1597035648,vasatika.chowdhury@example.com,Vellore,2020-02-10,B+,Niva Bupa
P009,Unnati,Verma,1967-10-31,Female,4781000827,unnati.verma@example.com,Bengaluru,2024-01-26,AB+,Care Health
P010,Nidra,Mall,2005-09-15,Male,4513837524,nidra.mall@example.com,Mysuru,2026-03-26,A+,HDFC ERGO
P011,Omaja,Mohanty,1987-07-07,Male,7191680272,omaja.mohanty@example.com,Hyderabad,2020-02-05,AB+,ICICI Lombard
P012,Madhavi,Mukhopadhyay,1980-03-28,Male,8035082027,madhavi.mukhopadhyay@example.com,Hyderabad,2021-02-17,B-,Star Health
P013,Kai,Dayal,1956-06-10,Female,3671241991,kai.dayal@example.com,Hyderabad,2021-02-23,O-,HDFC ERGO
P014,Advika,Subramanian,2000-04-12,Female,1180820592,advika.subramanian@example.com,Mumbai,2021-11-24,A+,ICICI Lombard
P015,Januja,Khatri,1953-03-21,Male,5464892611,januja.khatri@example.com,Chennai,2023-01-29,AB+,ICICI Lombard
P016,Dayita,Sura,1982-11-23,Male,6980249656,dayita.sura@example.com,Pune,2025-04-06,B+,Care Health
P017,Hema,Rajan,1975-01-09,Male,1966296842,hema.rajan@example.com,Chennai,2021-04-08,B-,Bajaj Allianz
P018,Caleb,Varghese,1947-05-04,Female,4183539042,caleb.varghese@example.com,Mumbai,2026-09-09,AB+,HDFC ERGO
P019,Parth,Bandi,1972-06-12,Male,6287148080,parth.bandi@example.com,Mysuru,2025-06-27,B-,Star Health
P020,Nitesh,Panchal,1966-09-16,Male,8779983658,nitesh.panchal@example.com,Vellore,2020-02-20,O-,Bajaj Allianz
P021,Charles,Thakkar,1949-11-06,Male,6669304792,charles.thakkar@example.com,Bengaluru,2023-03-25,A+,Star Health
P022,Mohammed,Raman,1979-08-07,Male,5017135103,mohammed.raman@example.com,Vellore,2022-03-08,AB-,Star Health
P023,Harrison,Mutti,1975-06-27,Male,3083500403,harrison.mutti@example.com,Pune,2026-02-23,B-,Care Health
P024,Ronith,Bir,1989-02-14,Male,7796180035,ronith.bir@example.com,Mumbai,2020-10-13,B+,Niva Bupa
P025,Yauvani,Raju,1966-12-30,Male,0282743181,yauvani.raju@example.com,Chennai,2023-11-25,A-,Niva Bupa
P026,Faras,Bassi,1951-05-21,Female,9681831498,faras.bassi@example.com,Pune,2026-01-31,B-,HDFC ERGO
P027,Adweta,Sastry,1991-01-13,Female,9448724585,adweta.sastry@example.com,Bengaluru,2026-01-14,AB+,Star Health
P028,Yasti,Badal,1962-10-06,Female,1056689495,yasti.badal@example.com,Mumbai,2021-05-05,B+,HDFC ERGO
P029,Ekbal,Kanda,1979-10-28,Female,0369471880,ekbal.kanda@example.com,Vellore,2026-03-23,A+,HDFC ERGO
P030,Balendra,Kata,1957-07-31,Male,2329809244,balendra.kata@example.com,Vellore,2022-01-21,O-,HDFC ERGO
P031,Janaki,Soni,1991-03-01,Male,5692039343,janaki.soni@example.com,Hyderabad,2025-05-14,B-,Care Health
P032,Jagdish,Verma,1989-11-21,Female,3950070472,jagdish.verma@example.com,Chennai,2020-12-11,AB-,Niva Bupa
P033,Parth,Pau,1968-05-31,Female,0722002119,parth.pau@example.com,Bengaluru,2026-03-17,O-,Niva Bupa
P034,Mahika,Ramanathan,1975-09-29,Male,4718749481,mahika.ramanathan@example.com,Mysuru,2023-09-20,A-,Bajaj Allianz
P035,Jeet,Bains,1956-06-21,Male,6778877793,jeet.bains@example.com,Bengaluru,2026-07-22,O-,Bajaj Allianz
P036,Widisha,Sen,2004-07-23,Male,0058923555,widisha.sen@example.com,Bengaluru,2020-06-19,O+,Niva Bupa
P037,Benjamin,Dugar,1945-10-22,Male,6634142488,benjamin.dugar@example.com,Pune,2025-04-26,O+,HDFC ERGO
P038,Vedant,Devi,1954-12-25,Male,7886837344,vedant.devi@example.com,Mysuru,2024-08-22,B+,HDFC ERGO
P039,Abha,Ramaswamy,1950-11-01,Male,7022100408,abha.ramaswamy@example.com,Bengaluru,2025-03-12,AB-,Bajaj Allianz
P040,Dalbir,More,1954-06-25,Female,4024757978,dalbir.more@example.com,Bengaluru,2020-03-31,B-,Niva Bupa
P041,Ekavir,Luthra,1988-06-20,Female,6016852091,ekavir.luthra@example.com,Vellore,2020-05-30,AB+,ICICI Lombard
P042,Quincy,Ramaswamy,1948-06-14,Male,3960402123,quincy.ramaswamy@example.com,Mysuru,2025-01-23,AB-,Star Health
P043,Farhan,Reddy,1966-06-08,Male,3695673614,farhan.reddy@example.com,Pune,2025-11-06,O-,Star Health
P044,Advaith,Mani,2002-07-20,Male,3160892373,advaith.mani@example.com,Mysuru,2022-06-12,AB-,HDFC ERGO
P045,Chaitanya,Chhabra,1994-06-01,Male,0660163709,chaitanya.chhabra@example.com,Chennai,2023-11-06,B+,Star Health
P046,Oliver,Kar,1960-07-02,Male,6273600065,oliver.kar@example.com,Mumbai,2022-12-15,B+,Niva Bupa
P047,Xalak,Pillai,1970-06-10,Male,6703611631,xalak.pillai@example.com,Vellore,2020-10-21,AB-,ICICI Lombard
P048,Gauri,Brahmbhatt,1963-09-07,Female,8612212032,gauri.brahmbhatt@example.com,Chennai,2024-09-07,AB-,Star Health
P049,Pavani,Madan,1992-02-22,Female,8823556891,pavani.madan@example.com,Mumbai,2025-08-03,O-,Care Health
P050,Mekhala,Kara,2007-08-30,Female,8007220372,mekhala.kara@example.com,Bengaluru,2025-01-01,A+,Bajaj Allianz
P051,Laban,Patil,1987-06-25,Female,9510655160,laban.patil@example.com,Chennai,2025-03-21,O+,Bajaj Allianz
P052,Hitesh,Nadkarni,1959-12-31,Male,7450104188,hitesh.nadkarni@example.com,Bengaluru,2025-02-07,A+,Star Health
P053,Rohan,Om,1986-06-02,Male,1214903990,rohan.om@example.com,Mumbai,2021-07-02,A-,HDFC ERGO
P054,Chaitanya,Wagle,1985-10-09,Female,2844414895,chaitanya.wagle@example.com,Mysuru,2025-06-06,AB-,HDFC ERGO
P055,Tara,Kade,1959-08-27,Male,6108347256,tara.kade@example.com,Vellore,2022-09-06,AB+,ICICI Lombard
P056,Atharv,Wali,1956-12-29,Female,1590682589,atharv.wali@example.com,Chennai,2020-03-25,B-,Star Health
P057,Max,Agate,1948-01-14,Female,3601796943,max.agate@example.com,Bengaluru,2020-04-05,O-,Niva Bupa
P058,Unni,Venkatesh,1976-04-05,Female,6738661454,unni.venkatesh@example.com,Mysuru,2024-04-12,A-,Care Health
P059,Lakshmi,Samra,1956-09-28,Male,5970901439,lakshmi.samra@example.com,Pune,2020-02-03,O-,ICICI Lombard
P060,Mahika,Bedi,1977-11-27,Female,1690011547,mahika.bedi@example.com,Vellore,2025-03-28,B-,HDFC ERGO
P061,Avi,Tripathi,1959-10-16,Male,8712557230,avi.tripathi@example.com,Mumbai,2026-07-12,AB-,Star Health
P062,Arin,Kaur,1958-09-02,Female,0449190211,arin.kaur@example.com,Mumbai,2025-01-21,A-,Niva Bupa
P063,Frado,Prashad,1973-01-20,Male,6974314314,frado.prashad@example.com,Hyderabad,2025-04-09,AB-,Bajaj Allianz
P064,Qasim,Babu,2004-04-22,Male,2922554170,qasim.babu@example.com,Mumbai,2020-08-25,O-,Care Health
P065,Vasudha,Memon,1971-11-13,Female,6542257752,vasudha.memon@example.com,Hyderabad,2026-05-12,B-,Star Health
P066,Samuel,Minhas,1978-11-26,Male,6068523315,samuel.minhas@example.com,Pune,2025-07-11,B+,Star Health
P067,Bhavya,Date,1946-06-21,Male,6998646033,bhavya.date@example.com,Chennai,2022-03-10,A-,Care Health
P068,Zayan,Balasubramanian,1974-03-14,Female,5394001050,zayan.balasubramanian@example.com,Hyderabad,2020-07-10,B+,Care Health
P069,Brinda,Deshpande,1965-12-23,Male,8970655726,brinda.deshpande@example.com,Mysuru,2022-07-13,AB+,Niva Bupa
P070,Zilmil,Bassi,2001-08-17,Male,1291938549,zilmil.bassi@example.com,Mumbai,2023-04-09,B-,ICICI Lombard
P071,Aradhana,Mukherjee,1992-03-24,Female,6130776832,aradhana.mukherjee@example.com,Chennai,2024-09-28,B-,ICICI Lombard
P072,Girish,Gole,1961-03-14,Female,4146744392,girish.gole@example.com,Mysuru,2023-02-19,A-,Niva Bupa
P073,Sanya,Parmer,1965-12-13,Female,3540865878,sanya.parmer@example.com,Bengaluru,2020-04-22,A+,ICICI Lombard
P074,Xavier,Shah,1978-05-01,Female,6544555441,xavier.shah@example.com,Hyderabad,2021-06-17,AB-,Niva Bupa
P075,Tanay,Doshi,1990-06-08,Male,8587895635,tanay.doshi@example.com,Mumbai,2024-05-31,B-,ICICI Lombard
P076,Frado,Loyal,1969-12-08,Female,8663425118,frado.loyal@example.com,Mysuru,2020-02-10,A-,HDFC ERGO
P077,Jeevika,Pillai,1959-03-12,Female,7271193502,jeevika.pillai@example.com,Vellore,2025-09-06,A+,Niva Bupa
P078,Chaitanya,Ram,1993-02-24,Male,3336370945,chaitanya.ram@example.com,Chennai,2023-01-21,A-,Star Health
P079,Karan,Madan,1960-12-21,Female,1106677732,karan.madan@example.com,Mysuru,2020-10-19,B+,ICICI Lombard
P080,Ishanvi,Natt,1947-10-10,Female,7704701957,ishanvi.natt@example.com,Mumbai,2021-10-04,AB-,Care Health
P081,Rudra,Tandon,1968-07-08,Female,0739909067,rudra.tandon@example.com,Pune,2023-11-25,A+,Star Health
P082,Lekha,Peri,1987-05-18,Female,3753594152,lekha.peri@example.com,Chennai,2023-08-23,B-,Bajaj Allianz
P083,David,Dasgupta,1980-04-05,Female,5176571533,david.dasgupta@example.com,Pune,2026-07-20,AB+,HDFC ERGO
P084,Bhavya,Aurora,1982-02-08,Female,3857199803,bhavya.aurora@example.com,Chennai,2026-04-15,O-,Care Health
P085,Chavvi,Mammen,1951-05-15,Female,7907080238,chavvi.mammen@example.com,Mumbai,2021-10-05,A+,Bajaj Allianz
P086,Harsh,Mangal,1960-09-28,Male,8139549299,harsh.mangal@example.com,Hyderabad,2023-05-13,A-,Niva Bupa
P087,Theodore,Cherian,1950-03-08,Male,6085614419,theodore.cherian@example.com,Bengaluru,2021-12-23,O-,Star Health
P088,Advika,Palan,1994-05-07,Male,5795556719,advika.palan@example.com,Vellore,2022-10-30,AB+,Bajaj Allianz
P089,Advaith,Raj,2007-01-14,Male,0320261881,advaith.raj@example.com,Pune,2024-04-15,B+,Niva Bupa
P090,Ladli,Yohannan,1992-04-30,Female,6067217074,ladli.yohannan@example.com,Bengaluru,2023-07-25,O-,Care Health
P091,Hemangini,Nigam,1959-03-03,Female,8006424810,hemangini.nigam@example.com,Mumbai,2021-01-03,A+,HDFC ERGO
P092,Ikshita,Dave,2003-09-05,Female,9473057828,ikshita.dave@example.com,Vellore,2023-07-21,O-,ICICI Lombard
P093,Qadim,Trivedi,1965-05-25,Female,9713870042,qadim.trivedi@example.com,Pune,2024-11-01,AB-,Bajaj Allianz
P094,Chavvi,Chakrabarti,1979-05-06,Female,3593005320,chavvi.chakrabarti@example.com,Hyderabad,2024-08-06,B-,Bajaj Allianz
P095,Balendra,Savant,1983-12-03,Female,6230019702,balendra.savant@example.com,Hyderabad,2025-06-07,AB-,Niva Bupa
P096,Wyatt,Bhatnagar,1961-04-07,Male,8767539859,wyatt.bhatnagar@example.com,Mumbai,2026-09-03,A+,HDFC ERGO
P097,Jai,Kara,1981-01-01,Male,2084806302,jai.kara@example.com,Vellore,2020-07-16,AB+,Care Health
P098,Noah,Karan,2005-09-15,Male,3258452820,noah.karan@example.com,Vellore,2024-04-13,A-,Bajaj Allianz
P099,Eesha,Mohan,1982-12-02,Male,3753885642,eesha.mohan@example.com,Mumbai,2025-02-24,AB+,ICICI Lombard
P100,Krish,Sule,1978-09-02,Female,2746940039,krish.sule@example.com,Bengaluru,2023-10-15,B-,Bajaj Allianz
P101,Amara,Raja,1996-12-02,Female,1361580411,amara.raja@example.com,Mysuru,2022-11-16,AB+,Niva Bupa
P102,Vivaan,Issac,1990-07-10,Female,6605699465,vivaan.issac@example.com,Pune,2021-11-19,A-,Star Health
P103,Ekansh,Mann,1961-12-14,Female,5075285292,ekansh.mann@example.com,Mumbai,2021-09-06,A+,Care Health
P104,Eiravati,Mander,2006-05-12,Male,0291038363,eiravati.mander@example.com,Mysuru,2023-07-06,A-,Niva Bupa
P105,Ishita,Pall,1970-04-05,Female,8397341988,ishita.pall@example.com,Vellore,2025-08-11,A+,ICICI Lombard
P106,Ria,Mitter,1974-08-30,Female,2750408229,ria.mitter@example.com,Mumbai,2025-10-22,B+,ICICI Lombard
P107,Aadi,Narasimhan,1959-03-17,Female,3191025204,aadi.narasimhan@example.com,Mysuru,2024-08-26,B+,HDFC ERGO
P108,Vasatika,Bajaj,1998-09-04,Female,1034483939,vasatika.bajaj@example.com,Mumbai,2024-12-28,A-,Bajaj Allianz
P109,Krishna,Garg,2003-11-24,Male,7244369659,krishna.garg@example.com,Mysuru,2020-11-13,AB-,Niva Bupa
P110,Maanav,Kuruvilla,1963-01-27,Female,2600738226,maanav.kuruvilla@example.com,Bengaluru,2025-01-05,O+,Niva Bupa
P111,Jacob,Gokhale,1985-06-01,Female,9544904571,jacob.gokhale@example.com,Chennai,2020-04-19,O-,Bajaj Allianz
P112,Bishakha,Luthra,1979-03-07,Male,3773989574,bishakha.luthra@example.com,Vellore,2026-06-12,O-,Niva Bupa
P113,Guneet,Anand,1984-07-29,Male,1323679404,guneet.anand@example.com,Vellore,2020-08-15,AB+,HDFC ERGO
P114,Triveni,Vaidya,1963-07-10,Male,7939397670,triveni.vaidya@example.com,Bengaluru,2021-01-21,AB+,Care Health
P115,Sarthak,Mishra,1946-06-14,Female,2802846605,sarthak.mishra@example.com,Mumbai,2023-01-01,A+,HDFC ERGO
P116,Dalbir,Pant,2002-12-07,Male,4784334677,dalbir.pant@example.com,Mumbai,2020-04-24,AB-,Star Health
P117,Geetika,Acharya,1980-11-22,Male,2984561111,geetika.acharya@example.com,Chennai,2025-10-07,A+,Care Health
P118,Bhavna,Anand,1961-12-23,Female,8336965028,bhavna.anand@example.com,Bengaluru,2025-10-17,B+,Niva Bupa
P119,Eesha,Menon,1974-11-06,Male,3541391818,eesha.menon@example.com,Vellore,2021-07-18,B+,ICICI Lombard
P120,Dalbir,Gala,1968-09-07,Female,1132254979,dalbir.gala@example.com,Hyderabad,2026-04-04,AB+,Star Health
P121,Kamya,Dixit,1955-10-18,Male,5135527305,kamya.dixit@example.com,Hyderabad,2021-11-29,O+,HDFC ERGO
P122,Wazir,Ram,1979-09-27,Male,0611536946,wazir.ram@example.com,Pune,2025-10-02,A-,Niva Bupa
P123,Vaishnavi,Nigam,1987-05-12,Female,8988624781,vaishnavi.nigam@example.com,Mysuru,2024-04-20,A-,Star Health
P124,Amaira,Tripathi,1966-07-18,Female,9255947302,amaira.tripathi@example.com,Pune,2021-05-14,B+,Care Health
P125,Vedhika,Prabhakar,1975-06-19,Female,4055712372,vedhika.prabhakar@example.com,Hyderabad,2023-04-28,A+,Niva Bupa
P126,Zayyan,Choudhary,1952-07-01,Female,3990345515,zayyan.choudhary@example.com,Mysuru,2021-05-08,B-,Niva Bupa
P127,Varsha,Ganesan,2005-02-20,Male,2769952254,varsha.ganesan@example.com,Mumbai,2025-08-21,A+,Bajaj Allianz
P128,Harshil,Yogi,1995-03-27,Male,6383634174,harshil.yogi@example.com,Hyderabad,2024-09-28,AB+,HDFC ERGO
P129,Viraj,Badami,1950-04-25,Female,6765432054,viraj.badami@example.com,Pune,2022-11-02,AB-,Niva Bupa
P130,Kevin,Sagar,1994-10-11,Female,5493822291,kevin.sagar@example.com,Hyderabad,2022-08-27,A-,Niva Bupa
P131,Siya,Sahni,1992-09-18,Female,9068148268,siya.sahni@example.com,Chennai,2021-02-26,AB-,Star Health
P132,Reva,Sundaram,1994-02-27,Male,6317598660,reva.sundaram@example.com,Vellore,2023-09-10,O+,Star Health
P133,Jagdish,Vohra,2005-10-12,Female,8565107106,jagdish.vohra@example.com,Chennai,2020-04-05,B-,Niva Bupa
P134,Aryan,Garg,1984-06-26,Male,0422699217,aryan.garg@example.com,Chennai,2022-05-30,A-,HDFC ERGO
P135,Azaan,Dada,2004-05-11,Female,0259072766,azaan.dada@example.com,Pune,2021-12-11,B+,Bajaj Allianz
P136,Imaran,Bhat,1958-01-30,Female,5213842793,imaran.bhat@example.com,Bengaluru,2021-05-04,B-,HDFC ERGO
P137,Hemani,Pant,1978-07-30,Male,5633915296,hemani.pant@example.com,Mysuru,2026-08-19,O-,HDFC ERGO
P138,Urvi,Kapadia,1957-12-07,Male,7212593912,urvi.kapadia@example.com,Bengaluru,2022-04-28,A+,HDFC ERGO
P139,Ekantika,Parikh,1960-12-17,Male,6617355193,ekantika.parikh@example.com,Vellore,2026-05-05,O-,Niva Bupa
P140,Yauvani,Sood,2004-04-22,Male,7200160160,yauvani.sood@example.com,Mumbai,2023-02-13,AB-,Niva Bupa
P141,Ekta,Bora,1961-09-26,Male,5315223093,ekta.bora@example.com,Vellore,2024-06-22,AB-,Star Health
P142,Oviya,Srinivas,2004-03-13,Male,3048221174,oviya.srinivas@example.com,Bengaluru,2020-11-04,AB+,Care Health
P143,Yatan,Narayanan,1953-05-24,Male,3451750145,yatan.narayanan@example.com,Chennai,2022-02-23,A-,Care Health
P144,Bhavna,Joshi,1967-01-29,Female,2064474318,bhavna.joshi@example.com,Mysuru,2020-04-11,O+,Care Health
P145,Kamala,Tella,1995-05-17,Male,3361963643,kamala.tella@example.com,Mumbai,2025-03-18,B-,Bajaj Allianz
P146,Jonathan,Bahl,1999-02-03,Male,9386134016,jonathan.bahl@example.com,Pune,2026-01-31,B+,Care Health
P147,Hemani,Jha,2000-09-29,Male,1007800561,hemani.jha@example.com,Mumbai,2024-12-22,A+,Bajaj Allianz
P148,Dev,Chaudhary,2004-09-15,Female,2653192653,dev.chaudhary@example.com,Bengaluru,2026-09-02,AB+,Star Health
P149,Lipika,Sharma,1992-01-26,Female,9551839267,lipika.sharma@example.com,Mysuru,2022-10-01,AB-,HDFC ERGO
P150,Yatan,Bawa,1946-08-27,Male,1764585443,yatan.bawa@example.com,Chennai,2020-03-20,O+,ICICI Lombard
P151,Jackson,Vala,1958-10-03,Male,3919758931,jackson.vala@example.com,Mumbai,2020-11-07,O-,HDFC ERGO
P152,Ucchal,Toor,1979-06-02,Female,4726127162,ucchal.toor@example.com,Chennai,2021-03-05,B+,ICICI Lombard
P153,Barkha,Sampath,2006-03-01,Female,2318743803,barkha.sampath@example.com,Vellore,2024-11-19,B+,Niva Bupa
P154,Kalpit,Trivedi,1956-07-16,Male,9929080001,kalpit.trivedi@example.com,Hyderabad,2023-09-13,A-,Care Health
P155,Kashish,Madan,1995-11-06,Male,6962427276,kashish.madan@example.com,Hyderabad,2024-02-12,A-,Bajaj Allianz
P156,Xiti,Bhakta,1957-03-16,Male,8255737720,xiti.bhakta@example.com,Vellore,2025-11-08,A+,ICICI Lombard
P157,Megha,Dixit,1992-08-14,Female,7460291033,megha.dixit@example.com,Pune,2023-02-10,A+,HDFC ERGO
P158,Utkarsh,Dugal,1998-03-15,Female,0635910679,utkarsh.dugal@example.com,Hyderabad,2024-03-06,A-,Bajaj Allianz
P159,Nisha,Dave,1954-05-26,Female,9949255492,nisha.dave@example.com,Chennai,2021-07-20,AB+,ICICI Lombard
P160,Gopal,Gulati,2008-01-01,Female,1637385674,gopal.gulati@example.com,Pune,2021-06-04,O-,Care Health
P161,Darpan,Kibe,1970-10-15,Female,1220136777,darpan.kibe@example.com,Bengaluru,2022-04-01,AB+,ICICI Lombard
P162,Gopal,Buch,1992-11-18,Female,8031934795,gopal.buch@example.com,Bengaluru,2020-02-06,AB-,ICICI Lombard
P163,Shravya,Basak,1964-09-26,Male,3503001323,shravya.basak@example.com,Pune,2025-10-25,A-,Star Health
P164,Isaac,Bhatnagar,1992-05-07,Female,3416827627,isaac.bhatnagar@example.com,Mysuru,2021-09-30,B+,Care Health
P165,Tripti,Yogi,1959-09-08,Female,4950951603,tripti.yogi@example.com,Chennai,2025-11-06,O-,Care Health
P166,Anay,Ratta,1948-12-04,Male,9983992449,anay.ratta@example.com,Mysuru,2020-08-10,B+,ICICI Lombard
P167,Mugdha,Divan,1990-03-06,Female,7149952653,mugdha.divan@example.com,Vellore,2025-12-23,B-,Niva Bupa
P168,Rehaan,Mall,1957-12-26,Female,1731136588,rehaan.mall@example.com,Vellore,2023-11-01,A+,ICICI Lombard
P169,Alka,Minhas,1972-02-10,Female,6848807744,alka.minhas@example.com,Mysuru,2025-07-29,B-,Bajaj Allianz
P170,Maanas,Shroff,2003-08-20,Female,5030544648,maanas.shroff@example.com,Hyderabad,2024-06-15,O+,Star Health
P171,Urvashi,Lad,1948-10-06,Male,3255036232,urvashi.lad@example.com,Bengaluru,2022-10-17,B+,Niva Bupa
P172,Idika,Dara,1971-06-28,Female,0669352140,idika.dara@example.com,Vellore,2021-06-01,B-,Bajaj Allianz
P173,Pushti,Pathak,1990-08-30,Female,4831696358,pushti.pathak@example.com,Hyderabad,2026-06-14,B-,Bajaj Allianz
P174,Nandini,Thaman,1990-04-14,Male,2835776441,nandini.thaman@example.com,Pune,2025-11-04,AB-,ICICI Lombard
P175,Atharv,Goswami,1993-11-17,Male,7323046038,atharv.goswami@example.com,Chennai,2024-02-15,B+,Bajaj Allianz
P176,Brijesh,Chander,1962-02-27,Female,9970967176,brijesh.chander@example.com,Pune,2021-12-15,AB-,Niva Bupa
P177,Oscar,Kadakia,1955-01-19,Male,8201039340,oscar.kadakia@example.com,Pune,2022-09-07,AB-,Care Health
P178,Chandani,Behl,1954-12-02,Male,0912755013,chandani.behl@example.com,Vellore,2021-05-16,O-,Star Health
P179,Hamsini,Prabhu,1981-03-11,Male,3165990848,hamsini.prabhu@example.com,Vellore,2024-07-21,O+,Star Health
P180,Qushi,Pandya,1968-01-26,Female,8579832675,qushi.pandya@example.com,Pune,2022-04-18,A-,Care Health
P181,Ranbir,Mohanty,1960-10-15,Female,6172762768,ranbir.mohanty@example.com,Mysuru,2026-03-21,AB+,Care Health
P182,Banjeet,Mammen,1964-01-06,Male,6268349170,banjeet.mammen@example.com,Bengaluru,2024-04-27,O-,ICICI Lombard
P183,Quincy,Parikh,1993-02-28,Male,7686971798,quincy.parikh@example.com,Bengaluru,2023-07-09,B+,Niva Bupa
P184,Fariq,Ganguly,1960-10-07,Male,6591861531,fariq.ganguly@example.com,Bengaluru,2023-02-14,AB-,Star Health
P185,Yochana,Agrawal,1965-05-31,Male,0953314787,yochana.agrawal@example.com,Vellore,2024-04-07,AB+,HDFC ERGO
P186,Om,Sawhney,1974-03-01,Male,9973673239,om.sawhney@example.com,Pune,2025-07-09,A+,HDFC ERGO
P187,Dalbir,Oza,1955-10-16,Female,6997837165,dalbir.oza@example.com,Hyderabad,2022-11-08,A+,Bajaj Allianz
P188,Gauri,Bains,1991-04-10,Male,1808767159,gauri.bains@example.com,Chennai,2026-01-25,O-,Care Health
P189,Rachita,Borra,1951-11-12,Male,1870597617,rachita.borra@example.com,Bengaluru,2026-07-27,A-,HDFC ERGO
P190,Yoshita,Som,1964-08-26,Male,7636567063,yoshita.som@example.com,Vellore,2026-05-13,B+,Care Health
P191,Forum,Kale,1984-11-06,Female,3633419104,forum.kale@example.com,Chennai,2025-08-15,B-,Bajaj Allianz
P192,Fitan,Chada,1952-07-02,Female,4254880782,fitan.chada@example.com,Vellore,2021-05-26,AB+,Care Health
P193,Ayush,Dasgupta,1947-04-27,Female,2516330362,ayush.dasgupta@example.com,Mysuru,2021-01-09,B-,Star Health
P194,Hemani,Chaudhari,1959-04-24,Female,4382255067,hemani.chaudhari@example.com,Bengaluru,2022-12-14,O+,Star Health
P195,Pallavi,Mammen,1990-05-16,Male,3304435283,pallavi.mammen@example.com,Chennai,2022-08-12,B-,Niva Bupa
P196,Henry,Dhaliwal,1948-08-21,Female,6207395220,henry.dhaliwal@example.com,Bengaluru,2023-05-20,AB+,ICICI Lombard
P197,Chasmum,Pradhan,2002-06-30,Female,0358597564,chasmum.pradhan@example.com,Bengaluru,2021-04-07,A-,ICICI Lombard
P198,Michael,Sule,1957-01-26,Male,4424645551,michael.sule@example.com,Bengaluru,2020-07-04,B+,Bajaj Allianz
P199,Ucchal,Chaudry,1985-05-03,Male,3751472042,ucchal.chaudry@example.com,Pune,2023-07-04,B+,ICICI Lombard
P200,Dalbir,Sachdeva,2005-02-27,Female,1535468196,dalbir.sachdeva@example.com,Mysuru,2025-02-16,B+,Star Health
P201,Jeet,Mukherjee,1959-04-29,Male,5611878717,jeet.mukherjee@example.com,Bengaluru,2021-08-07,A+,HDFC ERGO
P202,Kai,Nayak,1954-06-15,Female,5330565765,kai.nayak@example.com,Chennai,2020-12-26,A+,Star Health
P203,Mason,Dhar,1958-10-27,Male,5687711850,mason.dhar@example.com,Pune,2023-10-06,O+,Bajaj Allianz
P204,Vyanjana,Vyas,1973-06-16,Female,5797188278,vyanjana.vyas@example.com,Vellore,2022-05-21,O-,ICICI Lombard
P205,Kashish,Sahota,1950-11-19,Female,5906118293,kashish.sahota@example.com,Mumbai,2023-06-25,O+,Star Health
P206,Anusha,Thakkar,2003-12-24,Male,3304355212,anusha.thakkar@example.com,Pune,2023-06-17,O-,Bajaj Allianz
P207,Eesha,Lala,1968-02-01,Male,5905518741,eesha.lala@example.com,Mumbai,2025-01-24,O-,Care Health
P208,Aachal,Parekh,1948-07-06,Female,8796665441,aachal.parekh@example.com,Vellore,2020-03-10,B-,Star Health
P209,Chandani,Datta,1968-03-28,Male,5009335202,chandani.datta@example.com,Pune,2023-12-06,A+,Care Health
P210,Jagvi,Swamy,2004-11-17,Male,9796789503,jagvi.swamy@example.com,Vellore,2023-10-24,A+,Bajaj Allianz
P211,Xalak,Rajagopal,1974-07-26,Female,4701793849,xalak.rajagopal@example.com,Pune,2024-03-13,A-,Niva Bupa
P212,Vihaan,Narayan,1973-02-04,Female,2494841402,vihaan.narayan@example.com,Hyderabad,2020-04-05,A-,Care Health
P213,Harita,Garg,1970-07-20,Female,0080673177,harita.garg@example.com,Bengaluru,2021-11-03,O+,Star Health
P214,Gopal,Devan,1960-07-15,Female,0158770334,gopal.devan@example.com,Hyderabad,2023-09-05,AB+,Star Health
P215,Shivansh,Shere,1946-04-29,Male,4459914684,shivansh.shere@example.com,Mumbai,2020-08-23,O-,Star Health
P216,Upasna,Tara,2003-06-29,Male,3229453339,upasna.tara@example.com,Vellore,2020-11-22,A-,Star Health
P217,Falan,Krishnamurthy,1953-06-29,Male,6390362406,falan.krishnamurthy@example.com,Vellore,2026-04-17,B+,HDFC ERGO
P218,Naksh,D’Alia,1978-11-17,Female,0263309529,naksh.d’alia@example.com,Vellore,2020-09-10,B+,Star Health
P219,Gavin,Kapoor,1949-12-23,Male,4520240989,gavin.kapoor@example.com,Mumbai,2025-04-02,O+,Care Health
P220,Kai,Vaidya,1950-04-27,Female,0952708072,kai.vaidya@example.com,Pune,2022-12-27,O+,Star Health
P221,Krisha,Sethi,1984-12-02,Male,0237583011,krisha.sethi@example.com,Mysuru,2020-03-25,O-,Star Health
P222,Jasmit,Sheth,2005-11-09,Male,1233384691,jasmit.sheth@example.com,Mumbai,2024-01-27,O-,HDFC ERGO
P223,Jason,Upadhyay,1985-10-17,Male,1294234141,jason.upadhyay@example.com,Pune,2020-01-19,B-,Bajaj Allianz
P224,Dipta,Cheema,1991-09-30,Female,9001561299,dipta.cheema@example.com,Bengaluru,2022-03-15,AB+,Bajaj Allianz
P225,Yug,Mistry,1974-08-16,Female,2194648251,yug.mistry@example.com,Mumbai,2021-05-12,A-,Star Health
P226,Keya,Balay,1988-03-12,Male,6134605663,keya.balay@example.com,Chennai,2020-12-08,O-,Care Health
P227,Xiti,Devan,1990-07-17,Male,1721142936,xiti.devan@example.com,Bengaluru,2022-07-31,A+,Star Health
P228,Ayaan,Johal,1953-01-24,Male,4173560839,ayaan.johal@example.com,Pune,2026-09-09,AB-,Care Health
P229,Robert,Swamy,1959-07-23,Female,0596502209,robert.swamy@example.com,Mumbai,2023-11-17,B+,HDFC ERGO
P230,Yug,Sani,1965-02-16,Male,9625976448,yug.sani@example.com,Pune,2021-05-22,A+,Star Health
P231,Anay,Dugal,1984-03-23,Female,2511658871,anay.dugal@example.com,Vellore,2023-05-06,A+,Star Health
P232,Jalsa,Lal,1966-07-23,Female,8718996483,jalsa.lal@example.com,Mysuru,2025-10-23,B-,Bajaj Allianz
P233,Odika,Gaba,1997-03-26,Male,4514045875,odika.gaba@example.com,Bengaluru,2025-09-26,O+,HDFC ERGO
P234,Yashica,Halder,1995-04-25,Female,8141736560,yashica.halder@example.com,Chennai,2020-09-11,O-,ICICI Lombard
P235,Lohit,Vyas,1950-05-13,Male,9854528138,lohit.vyas@example.com,Pune,2026-05-10,B-,HDFC ERGO
P236,Sneha,Rajan,1974-01-26,Female,1314084563,sneha.rajan@example.com,Bengaluru,2021-04-15,A+,Care Health
P237,Alka,Sabharwal,1972-02-23,Male,7833052798,alka.sabharwal@example.com,Vellore,2020-07-09,AB-,ICICI Lombard
P238,Tarak,Garde,1951-08-17,Male,4161651866,tarak.garde@example.com,Mysuru,2020-07-10,B-,HDFC ERGO
P239,Max,Prashad,1985-01-16,Female,2993995567,max.prashad@example.com,Chennai,2025-05-18,A+,ICICI Lombard
P240,Garima,Dass,2005-08-29,Female,0334712315,garima.dass@example.com,Bengaluru,2022-03-30,B+,Niva Bupa
P241,Udant,Menon,1946-09-23,Male,8188543439,udant.menon@example.com,Bengaluru,2023-09-04,A+,HDFC ERGO
P242,Timothy,Sarraf,1963-05-28,Female,0873638764,timothy.sarraf@example.com,Mysuru,2023-05-19,A-,Star Health
P243,Dalbir,Keer,1958-12-10,Female,3113880568,dalbir.keer@example.com,Mumbai,2026-09-20,AB-,Care Health
P244,Vasatika,Nazareth,1968-11-11,Female,7821723891,vasatika.nazareth@example.com,Mumbai,2022-04-06,AB+,Care Health
P245,Odika,Kamdar,1999-01-10,Male,4593229037,odika.kamdar@example.com,Hyderabad,2025-07-04,A+,ICICI Lombard
P246,Yasti,Gupta,2004-02-25,Female,1369606154,yasti.gupta@example.com,Hyderabad,2020-09-25,AB+,ICICI Lombard
P247,Alexander,Rai,1966-01-07,Female,9074633218,alexander.rai@example.com,Chennai,2021-07-26,A-,Star Health
P248,Zansi,Muni,1946-01-11,Female,0273124225,zansi.muni@example.com,Mysuru,2024-06-01,A-,HDFC ERGO
P249,Kai,Grewal,2001-05-09,Male,7750500064,kai.grewal@example.com,Mysuru,2025-07-03,A+,HDFC ERGO
P250,Qarin,Mani,1979-12-30,Male,0645347089,qarin.mani@example.com,Bengaluru,2024-01-16,A+,HDFC ERGO
P251,Abeer,Salvi,1984-09-06,Male,6823923979,abeer.salvi@example.com,Pune,2024-09-03,AB+,Star Health
P252,Ansh,Varma,1990-08-29,Male,9459092057,ansh.varma@example.com,Bengaluru,2026-02-19,B-,ICICI Lombard
P253,Deepa,Aggarwal,1978-08-17,Male,2374994827,deepa.aggarwal@example.com,Vellore,2023-05-31,A-,Star Health
P254,Isaac,Shan,1952-12-02,Female,5743545012,isaac.shan@example.com,Vellore,2024-10-13,A+,Niva Bupa
P255,Vedant,Narain,1965-10-12,Male,2555017909,vedant.narain@example.com,Hyderabad,2025-11-22,O+,ICICI Lombard
P256,Wishi,Pingle,1989-09-15,Female,4828358116,wishi.pingle@example.com,Chennai,2023-07-03,O+,Niva Bupa
P257,Raksha,Chacko,1992-05-04,Male,9012438149,raksha.chacko@example.com,Chennai,2024-08-11,A-,ICICI Lombard
P258,Nikita,Bedi,1968-01-31,Female,2748567436,nikita.bedi@example.com,Hyderabad,2022-02-13,B+,Care Health
P259,Nikita,Wason,1991-05-25,Female,7712199383,nikita.wason@example.com,Pune,2021-01-09,B+,HDFC ERGO
P260,Daksh,Dhingra,2003-07-13,Male,8717071567,daksh.dhingra@example.com,Vellore,2020-03-28,O-,Star Health
P261,Ishita,Luthra,1995-01-03,Male,6024847052,ishita.luthra@example.com,Mysuru,2021-04-16,B-,Bajaj Allianz
P262,Advaith,Mitter,1963-09-26,Male,7623002672,advaith.mitter@example.com,Chennai,2023-06-23,B-,Niva Bupa
P263,Rudra,Patla,1950-06-02,Male,0717997190,rudra.patla@example.com,Pune,2023-07-14,O+,ICICI Lombard
P264,Vamakshi,Lal,1978-08-03,Male,7658581065,vamakshi.lal@example.com,Bengaluru,2025-01-20,A-,Niva Bupa
P265,Raghav,Vala,1988-03-19,Female,0309729124,raghav.vala@example.com,Pune,2020-07-30,O-,ICICI Lombard
P266,Jeet,Vora,1971-07-16,Male,6908105708,jeet.vora@example.com,Mumbai,2024-05-13,A-,Niva Bupa
P267,Finn,Wason,1973-09-04,Female,4800576060,finn.wason@example.com,Bengaluru,2022-07-10,A+,Star Health
P268,Tanvi,Keer,2008-09-15,Male,6683102363,tanvi.keer@example.com,Mysuru,2022-07-09,O+,Care Health
P269,Chakradhar,Vig,1991-12-23,Female,9158780260,chakradhar.vig@example.com,Mumbai,2021-08-09,A+,ICICI Lombard
P270,Aarini,Goda,1963-12-10,Female,8797106447,aarini.goda@example.com,Mysuru,2020-01-23,A-,HDFC ERGO
P271,Balveer,Kuruvilla,1982-08-21,Female,8768213928,balveer.kuruvilla@example.com,Vellore,2025-07-11,B+,ICICI Lombard
P272,Henry,Raval,1975-01-12,Male,0771219980,henry.raval@example.com,Chennai,2025-05-27,AB-,Care Health
P273,Irya,Panchal,1976-12-16,Male,1091262367,irya.panchal@example.com,Vellore,2026-06-22,A+,Niva Bupa
P274,Shravya,Sarna,2004-02-03,Female,7103374761,shravya.sarna@example.com,Mysuru,2021-04-16,O+,Bajaj Allianz
P275,Ojas,Gokhale,1956-12-24,Male,0140920746,ojas.gokhale@example.com,Chennai,2024-08-17,O-,Star Health
P276,Mahika,Bhalla,1997-06-03,Female,3717806513,mahika.bhalla@example.com,Bengaluru,2025-07-03,B-,Care Health
P277,Fitan,Pall,1969-02-27,Male,0251933607,fitan.pall@example.com,Chennai,2025-12-19,AB+,Care Health
P278,Kala,Karpe,1956-08-06,Male,9393981558,kala.karpe@example.com,Mysuru,2022-03-22,AB+,Star Health
P279,Saanvi,Kata,1973-11-05,Male,3597960920,saanvi.kata@example.com,Bengaluru,2026-03-16,AB+,Bajaj Allianz
P280,Dev,Sahota,1974-08-08,Female,8653185039,dev.sahota@example.com,Mumbai,2024-07-30,O+,Niva Bupa
P281,Ekanta,Parmer,1971-02-12,Male,1587401928,ekanta.parmer@example.com,Chennai,2022-02-05,A-,HDFC ERGO
P282,Kamya,Savant,1954-05-30,Male,8570664282,kamya.savant@example.com,Vellore,2026-09-05,O+,Niva Bupa
P283,Max,Ray,1966-09-17,Male,0454946877,max.ray@example.com,Mysuru,2022-03-19,A+,HDFC ERGO
P284,Bhanumati,Pai,2007-06-25,Male,5673283724,bhanumati.pai@example.com,Chennai,2023-11-28,A+,HDFC ERGO
P285,Rachit,Joshi,2002-09-21,Male,7936741234,rachit.joshi@example.com,Mumbai,2022-01-07,O+,Niva Bupa
P286,Vedika,Issac,1958-06-15,Male,9691024832,vedika.issac@example.com,Chennai,2022-03-09,A-,Star Health
P287,Amruta,Raju,1989-03-01,Female,2932673869,amruta.raju@example.com,Mumbai,2024-09-16,A+,ICICI Lombard
P288,Orinder,Mital,1984-01-08,Female,0729787795,orinder.mital@example.com,Chennai,2024-09-12,O-,HDFC ERGO
P289,Warjas,Amble,1948-02-21,Female,4760157089,warjas.amble@example.com,Mysuru,2020-02-01,O+,Niva Bupa
P290,Sai,Gokhale,1980-10-18,Male,0281817022,sai.gokhale@example.com,Hyderabad,2020-01-24,B-,Care Health
P291,Nitesh,Andra,1977-07-07,Female,1355434235,nitesh.andra@example.com,Vellore,2026-07-22,O+,Niva Bupa
P292,Dhruv,Modi,1957-04-24,Female,8684896544,dhruv.modi@example.com,Mumbai,2026-06-03,AB+,Care Health
P293,Chandran,Raval,1971-01-14,Male,0645185377,chandran.raval@example.com,Pune,2021-08-12,B-,Care Health
P294,Krishna,Ahuja,2002-06-16,Female,1612317269,krishna.ahuja@example.com,Hyderabad,2021-10-22,O-,HDFC ERGO
P295,Chaitaly,Kalla,1984-08-10,Female,4054654356,chaitaly.kalla@example.com,Pune,2024-07-23,B-,ICICI Lombard
P296,Maanav,Sarraf,1975-06-22,Male,7210154848,maanav.sarraf@example.com,Vellore,2024-10-15,A+,Care Health
P297,Bhavini,Mitra,2000-03-13,Male,7601487858,bhavini.mitra@example.com,Mumbai,2024-05-16,AB+,Star Health
P298,Meera,Mangat,1966-08-31,Female,7213837665,meera.mangat@example.com,Chennai,2024-01-06,O+,ICICI Lombard
P299,Ikbal,Rama,1982-08-05,Female,6689287195,ikbal.rama@example.com,Pune,2022-12-02,AB+,Bajaj Allianz
P300,Ubika,Badal,1963-08-02,Female,6298541869,ubika.badal@example.com,Bengaluru,2022-12-08,O-,Niva Bupa
