prescription_id,patient_id,doctor_id,appointment_id,medication_id,dosage,frequency,duration_days,prescription_date
RX0001,P131,D001,A0304,MED006,250mg,Twice Daily,5,2025-03-20
RX0002,P200,D003,A0220,MED064,500mg,Once Daily,30,2025-12-24
RX0003,P239,D003,A0402,MED071,500mg,Twice Daily,5,2026-07-25
RX0004,P257,D001,A1099,MED010,10mg,Once Daily,7,2025-09-22
RX0005,P041,D005,A0881,MED024,10mg,As Needed,60,2025-08-27
RX0006,P154,D004,A0037,MED027,500mg,Twice Daily,3,2025-10-25
RX0007,P105,D002,A0010,MED014,20mg,Three Times Daily,3,2025-02-19
RX0008,P166,D001,A1615,MED010,5mg,Twice Daily,14,2025-05-16
RX0009,P213,D002,A1050,MED070,5mg,As Needed,7,2025-04-01
RX0010,P062,D002,A0526,MED002,5mg,Once Daily,14,2025-11-07
RX0011,P039,D003,A1079,MED096,250mg,Once Daily,5,2026-03-01
RX0012,P267,D004,A1156,MED085,500mg,As Needed,60,2026-03-09
RX0013,P264,D001,A0047,MED033,20mg,Twice Daily,30,2026-03-16
RX0014,P193,D005,A0914,MED097,500mg,As Needed,14,2026-05-09
RX0015,P271,D003,A1141,MED059,10mg,As Needed,5,2026-07-21
RX0016,P169,D001,A1400,MED072,20mg,Twice Daily,30,2025-06-10
RX0017,P184,D003,A0988,MED042,500mg,Once Daily,14,2026-10-13
RX0018,P183,D005,A0925,MED078,10mg,Once Daily,7,2026-09-23
RX0019,P012,D002,A0535,MED077,500mg,Three Times Daily,14,2025-02-09
RX0020,P073,D004,A0731,MED083,5mg,Three Times Daily,60,2025-07-11
RX0021,P214,D002,A0158,MED007,10mg,As Needed,60,2026-05-29
RX0022,P159,D001,A0825,MED040,250mg,Once Daily,14,2025-10-09
RX0023,P105,D002,A1893,MED017,20mg,As Needed,30,2026-07-25
RX0024,P169,D004,A1078,MED086,10mg,Twice Daily,30,2025-07-28
RX0025,P271,D005,A1749,MED052,10mg,Three Times Daily,14,2026-02-18
RX0026,P110,D003,A0868,MED099,10mg,As Needed,5,2026-01-17
RX0027,P286,D002,A0152,MED092,5mg,Once Daily,60,2026-07-19
RX0028,P014,D001,A0949,MED027,250mg,Three Times Daily,60,2025-06-28
RX0029,P050,D002,A0040,MED026,250mg,Three Times Daily,5,2026-11-03
RX0030,P175,D003,A0111,MED046,250mg,Three Times Daily,3,2026-09-21
RX0031,P182,D005,A0429,MED093,5mg,Three Times Daily,5,2026-07-11
RX0032,P078,D002,A1245,MED009,250mg,Twice Daily,7,2026-08-04
RX0033,P185,D004,A1041,MED016,250mg,Three Times Daily,5,2026-08-22
RX0034,P209,D001,A0413,MED044,250mg,As Needed,30,2026-01-07
RX0035,P133,D003,A0258,MED062,10mg,Three Times Daily,5,2025-10-23
RX0036,P078,D002,A1081,MED097,10mg,As Needed,30,2025-01-17
RX0037,P110,D005,A0732,MED069,5mg,Three Times Daily,5,2025-04-21
RX0038,P229,D001,A1219,MED040,5mg,Once Daily,7,2025-06-23
RX0039,P240,D003,A1359,MED082,10mg,Three Times Daily,60,2026-10-19
RX0040,P250,D004,A1510,MED010,10mg,Three Times Daily,3,2026-11-15
RX0041,P108,D001,A0999,MED067,250mg,Three Times Daily,30,2026-01-11
RX0042,P153,D001,A1539,MED040,500mg,Three Times Daily,60,2026-04-27
RX0043,P180,D005,A1308,MED034,10mg,Once Daily,30,2026-09-20
RX0044,P094,D002,A0036,MED072,250mg,Three Times Daily,5,2026-12-02
RX0045,P091,D005,A0244,MED098,20mg,Twice Daily,60,2026-05-12
RX0046,P053,D004,A1486,MED019,500mg,Twice Daily,3,2026-02-15
RX0047,P156,D005,A1602,MED083,10mg,Three Times Daily,14,2026-11-11
RX0048,P149,D001,A0711,MED031,5mg,As Needed,60,2025-03-12
RX0049,P229,D002,A0987,MED069,20mg,Once Daily,5,2026-12-18
RX0050,P205,D003,A1557,MED033,20mg,As Needed,5,2026-04-06
RX0051,P236,D005,A1513,MED015,20mg,Three Times Daily,30,2025-11-12
RX0052,P140,D001,A1085,MED082,10mg,As Needed,60,2025-10-16
RX0053,P111,D005,A0222,MED057,500mg,Three Times Daily,5,2025-05-23
RX0054,P056,D003,A1264,MED081,20mg,Once Daily,14,2026-12-03
RX0055,P015,D003,A1573,MED050,500mg,As Needed,7,2026-12-06
RX0056,P201,D003,A1465,MED017,250mg,Once Daily,3,2025-01-07
RX0057,P282,D005,A1356,MED029,20mg,Once Daily,14,2026-07-06
RX0058,P289,D003,A1163,MED009,250mg,Twice Daily,30,2025-06-21
RX0059,P222,D003,A0807,MED004,250mg,As Needed,14,2025-12-11
RX0060,P171,D002,A0445,MED051,250mg,As Needed,60,2025-09-13
RX0061,P197,D002,A0893,MED069,250mg,Once Daily,5,2026-12-08
RX0062,P212,D003,A0704,MED028,500mg,As Needed,3,2025-07-17
RX0063,P151,D001,A0897,MED052,10mg,As Needed,7,2025-06-22
RX0064,P092,D005,A0450,MED099,5mg,Once Daily,30,2026-10-24
RX0065,P165,D005,A1440,MED021,20mg,Three Times Daily,14,2026-12-03
RX0066,P010,D003,A0141,MED020,5mg,Twice Daily,14,2025-09-08
RX0067,P218,D005,A1488,MED077,5mg,Once Daily,3,2026-07-13
RX0068,P298,D002,A1357,MED031,500mg,As Needed,3,2025-02-23
RX0069,P189,D005,A1271,MED080,250mg,Twice Daily,5,2026-08-16
RX0070,P236,D004,A1115,MED001,20mg,Twice Daily,14,2025-03-29
RX0071,P140,D001,A1085,MED022,10mg,Twice Daily,3,2025-10-16
RX0072,P219,D002,A1682,MED030,10mg,Twice Daily,7,2026-06-26
RX0073,P102,D001,A1279,MED003,500mg,Once Daily,7,2025-07-23
RX0074,P276,D002,A1708,MED022,5mg,Three Times Daily,60,2025-03-27
RX0075,P291,D001,A0983,MED071,500mg,Twice Daily,3,2025-12-05
RX0076,P098,D002,A0608,MED069,500mg,Twice Daily,7,2025-06-05
RX0077,P277,D002,A1834,MED015,20mg,Three Times Daily,3,2025-05-27
RX0078,P273,D002,A0177,MED065,250mg,Once Daily,30,2026-02-24
RX0079,P004,D005,A0269,MED039,250mg,Once Daily,5,2025-01-07
RX0080,P018,D004,A1984,MED028,5mg,Once Daily,7,2025-06-19
RX0081,P167,D002,A0883,MED068,20mg,Once Daily,3,2026-05-28
RX0082,P094,D001,A1748,MED004,20mg,Three Times Daily,30,2025-04-05
RX0083,P201,D003,A1465,MED008,10mg,As Needed,5,2025-01-07
RX0084,P146,D004,A0078,MED010,5mg,Twice Daily,7,2025-08-10
RX0085,P070,D003,A0216,MED073,10mg,As Needed,3,2025-12-02
RX0086,P115,D004,A1152,MED094,20mg,Once Daily,7,2025-09-27
RX0087,P178,D003,A0069,MED053,10mg,Once Daily,7,2025-12-05
RX0088,P125,D002,A0935,MED082,500mg,Once Daily,3,2026-02-16
RX0089,P116,D005,A0761,MED078,500mg,As Needed,7,2026-01-24
RX0090,P037,D005,A1473,MED037,20mg,As Needed,30,2025-01-08
RX0091,P055,D001,A0520,MED079,500mg,Twice Daily,60,2025-04-17
RX0092,P144,D003,A0371,MED065,5mg,Three Times Daily,30,2026-03-28
RX0093,P231,D005,A0194,MED023,5mg,As Needed,60,2026-01-03
RX0094,P100,D005,A0794,MED058,5mg,As Needed,3,2025-04-18
RX0095,P049,D005,A1746,MED088,20mg,As Needed,7,2025-08-31
RX0096,P124,D005,A0427,MED084,20mg,Twice Daily,3,2026-08-15
RX0097,P269,D001,A0692,MED034,5mg,Three Times Daily,3,2026-07-06
RX0098,P125,D002,A0935,MED075,500mg,Twice Daily,3,2026-02-16
RX0099,P274,D003,A0122,MED076,10mg,Three Times Daily,5,2026-07-15
RX0100,P139,D004,A1422,MED066,5mg,As Needed,3,2025-06-04
RX0101,P103,D005,A1931,MED040,500mg,As Needed,7,2025-09-21
RX0102,P019,D001,A1217,MED042,5mg,As Needed,30,2025-11-30
RX0103,P167,D002,A0883,MED003,5mg,Once Daily,14,2026-05-28
RX0104,P271,D001,A0982,MED005,250mg,As Needed,60,2025-08-21
RX0105,P018,D002,A0201,MED066,5mg,As Needed,3,2026-01-29
RX0106,P286,D002,A0152,MED078,10mg,Twice Daily,30,2026-07-19
RX0107,P007,D004,A0307,MED013,10mg,Once Daily,7,2025-01-07
RX0108,P241,D004,A1502,MED034,250mg,As Needed,30,2025-01-20
RX0109,P289,D002,A1979,MED046,20mg,Twice Daily,60,2026-10-25
RX0110,P106,D001,A0793,MED073,5mg,Twice Daily,30,2026-06-05
RX0111,P092,D002,A1712,MED062,500mg,Three Times Daily,7,2026-12-27
RX0112,P098,D004,A1429,MED022,250mg,As Needed,5,2025-03-18
RX0113,P160,D005,A0238,MED007,10mg,As Needed,14,2025-05-23
RX0114,P115,D001,A1926,MED052,10mg,Three Times Daily,30,2025-10-31
RX0115,P102,D003,A0501,MED003,250mg,As Needed,3,2026-02-15
RX0116,P105,D002,A1893,MED058,500mg,Twice Daily,5,2026-07-25
RX0117,P089,D001,A1626,MED077,10mg,As Needed,5,2025-03-20
RX0118,P256,D003,A1601,MED019,250mg,Twice Daily,14,2025-03-25
RX0119,P222,D003,A0807,MED093,500mg,Twice Daily,3,2025-12-11
RX0120,P027,D003,A0236,MED034,20mg,Three Times Daily,30,2025-05-31
RX0121,P171,D002,A0877,MED065,250mg,Once Daily,3,2025-11-04
RX0122,P096,D003,A0284,MED031,10mg,Three Times Daily,5,2026-07-25
RX0123,P220,D004,A1977,MED060,500mg,Three Times Daily,60,2025-01-04
RX0124,P112,D002,A1736,MED021,500mg,Twice Daily,60,2025-03-29
RX0125,P004,D005,A0269,MED093,5mg,Once Daily,7,2025-01-07
RX0126,P162,D001,A1536,MED032,5mg,Three Times Daily,7,2025-03-23
RX0127,P219,D004,A1648,MED100,20mg,As Needed,14,2025-08-10
RX0128,P257,D005,A0651,MED026,500mg,Three Times Daily,60,2026-01-03
RX0129,P189,D002,A1249,MED039,20mg,As Needed,3,2025-04-19
RX0130,P103,D005,A1931,MED076,250mg,Three Times Daily,5,2025-09-21
RX0131,P184,D005,A0400,MED015,10mg,Three Times Daily,60,2026-02-12
RX0132,P182,D004,A1208,MED072,20mg,As Needed,60,2025-06-18
RX0133,P206,D005,A0923,MED013,10mg,Twice Daily,30,2025-07-21
RX0134,P097,D004,A0336,MED062,5mg,Once Daily,30,2026-03-24
RX0135,P170,D005,A0161,MED042,10mg,Once Daily,60,2026-06-30
RX0136,P162,D001,A0110,MED066,5mg,Once Daily,3,2025-03-03
RX0137,P127,D001,A1329,MED053,5mg,Once Daily,60,2026-03-16
RX0138,P134,D002,A1959,MED086,500mg,Twice Daily,7,2025-01-13
RX0139,P129,D001,A0787,MED081,5mg,Three Times Daily,14,2025-11-21
RX0140,P123,D005,A1260,MED090,250mg,As Needed,14,2026-08-21
RX0141,P051,D004,A1025,MED068,250mg,Twice Daily,5,2025-04-09
RX0142,P207,D003,A1717,MED080,500mg,Three Times Daily,30,2025-07-02
RX0143,P255,D005,A0020,MED081,250mg,Once Daily,60,2025-07-15
RX0144,P060,D003,A1411,MED004,10mg,Twice Daily,7,2025-09-29
RX0145,P039,D003,A0904,MED023,500mg,Three Times Daily,5,2025-03-22
RX0146,P194,D005,A0994,MED088,20mg,Once Daily,5,2025-08-08
RX0147,P251,D005,A1597,MED054,10mg,As Needed,14,2025-05-12
RX0148,P176,D004,A0834,MED058,5mg,Once Daily,7,2025-06-07
RX0149,P111,D001,A0563,MED087,10mg,Once Daily,60,2026-06-07
RX0150,P132,D003,A0340,MED033,20mg,Twice Daily,60,2025-10-05
RX0151,P266,D003,A1253,MED024,500mg,Twice Daily,30,2026-02-24
RX0152,P094,D001,A1455,MED017,500mg,Once Daily,5,2026-05-30
RX0153,P022,D005,A0163,MED038,10mg,As Needed,7,2025-06-27
RX0154,P236,D004,A1115,MED085,10mg,Three Times Daily,14,2025-03-29
RX0155,P154,D002,A1647,MED095,500mg,Twice Daily,30,2025-06-29
RX0156,P194,D001,A1690,MED061,20mg,Three Times Daily,5,2026-07-28
RX0157,P180,D003,A0507,MED021,500mg,Twice Daily,14,2026-12-10
RX0158,P028,D005,A0032,MED006,250mg,Three Times Daily,30,2026-06-11
RX0159,P001,D001,A0856,MED080,5mg,As Needed,60,2025-02-11
RX0160,P272,D002,A1037,MED062,10mg,Once Daily,60,2025-06-05
RX0161,P212,D003,A1438,MED033,10mg,As Needed,5,2026-03-18
RX0162,P123,D002,A1316,MED059,500mg,Three Times Daily,30,2026-06-11
RX0163,P039,D001,A0467,MED035,500mg,Once Daily,60,2025-11-25
RX0164,P272,D004,A1210,MED047,250mg,Twice Daily,30,2025-11-07
RX0165,P100,D004,A0008,MED006,10mg,Once Daily,7,2025-03-31
RX0166,P091,D001,A1247,MED034,5mg,Three Times Daily,30,2026-01-10
RX0167,P033,D003,A1103,MED032,5mg,Once Daily,14,2026-03-27
RX0168,P022,D005,A0840,MED003,20mg,Three Times Daily,5,2025-04-02
RX0169,P131,D004,A1278,MED085,10mg,Twice Daily,7,2026-10-21
RX0170,P204,D003,A1127,MED083,5mg,Once Daily,5,2026-12-27
RX0171,P282,D005,A1658,MED070,250mg,As Needed,3,2025-04-16
RX0172,P223,D003,A0225,MED044,500mg,Three Times Daily,7,2025-03-01
RX0173,P007,D005,A0067,MED010,20mg,Three Times Daily,60,2025-03-16
RX0174,P084,D001,A0188,MED088,10mg,Three Times Daily,7,2025-01-11
RX0175,P023,D003,A1767,MED059,20mg,As Needed,5,2025-06-20
RX0176,P274,D005,A1899,MED090,20mg,Twice Daily,14,2026-07-18
RX0177,P112,D004,A0370,MED037,20mg,Twice Daily,14,2026-09-01
RX0178,P136,D001,A0229,MED015,20mg,As Needed,30,2025-05-31
RX0179,P066,D004,A1145,MED086,250mg,Twice Daily,3,2025-06-24
RX0180,P280,D001,A1599,MED093,250mg,As Needed,5,2026-02-04
RX0181,P286,D003,A1646,MED037,20mg,Twice Daily,5,2025-07-13
RX0182,P134,D003,A1106,MED021,20mg,As Needed,7,2025-06-17
RX0183,P117,D004,A1432,MED014,5mg,Three Times Daily,3,2025-08-29
RX0184,P035,D004,A0219,MED050,5mg,Once Daily,30,2025-05-12
RX0185,P160,D001,A1345,MED073,10mg,Twice Daily,3,2025-02-20
RX0186,P265,D004,A0606,MED089,20mg,Twice Daily,5,2026-07-10
RX0187,P185,D001,A0523,MED076,10mg,Once Daily,60,2026-09-09
RX0188,P158,D003,A1531,MED081,10mg,Twice Daily,3,2026-12-13
RX0189,P129,D001,A1446,MED001,250mg,As Needed,5,2025-10-01
RX0190,P250,D004,A0034,MED093,500mg,As Needed,3,2025-10-06
RX0191,P066,D001,A1190,MED063,20mg,As Needed,30,2025-01-27
RX0192,P181,D001,A0847,MED060,500mg,Three Times Daily,14,2025-05-22
RX0193,P040,D002,A0277,MED048,20mg,Three Times Daily,30,2025-05-29
RX0194,P201,D003,A1465,MED002,10mg,Three Times Daily,7,2025-01-07
RX0195,P276,D003,A1497,MED026,10mg,As Needed,14,2026-12-09
RX0196,P045,D001,A0502,MED002,5mg,Three Times Daily,30,2026-04-24
RX0197,P102,D003,A0501,MED072,10mg,As Needed,7,2026-02-15
RX0198,P092,D002,A1712,MED051,250mg,Twice Daily,30,2026-12-27
RX0199,P289,D004,A1865,MED040,500mg,Three Times Daily,14,2026-10-27
RX0200,P276,D003,A1170,MED051,250mg,Twice Daily,14,2025-06-26
RX0201,P257,D005,A0651,MED012,500mg,As Needed,3,2026-01-03
RX0202,P096,D004,A0769,MED051,20mg,As Needed,14,2025-02-22
RX0203,P173,D001,A1697,MED065,20mg,Twice Daily,7,2026-09-28
RX0204,P031,D003,A1527,MED088,250mg,Once Daily,60,2025-09-15
RX0205,P226,D005,A0263,MED033,500mg,Once Daily,14,2025-03-28
RX0206,P088,D005,A1913,MED078,20mg,Twice Daily,60,2026-03-04
RX0207,P287,D003,A0096,MED035,500mg,As Needed,7,2026-05-29
RX0208,P098,D001,A1410,MED095,20mg,Three Times Daily,5,2025-03-10
RX0209,P099,D004,A1124,MED033,5mg,Once Daily,3,2025-04-20
RX0210,P196,D005,A0855,MED088,5mg,Twice Daily,3,2025-02-19
RX0211,P022,D002,A0090,MED010,5mg,Once Daily,14,2025-12-14
RX0212,P265,D004,A0007,MED002,5mg,As Needed,30,2025-09-26
RX0213,P251,D003,A1405,MED098,20mg,Three Times Daily,14,2025-08-17
RX0214,P133,D002,A0130,MED030,250mg,Twice Daily,7,2026-06-05
RX0215,P121,D005,A1550,MED048,500mg,Once Daily,3,2025-06-11
RX0216,P170,D005,A0161,MED070,5mg,Twice Daily,60,2026-06-30
RX0217,P070,D004,A1817,MED024,20mg,Once Daily,5,2026-10-05
RX0218,P087,D002,A0102,MED036,500mg,As Needed,14,2026-07-10
RX0219,P182,D003,A1493,MED081,20mg,Three Times Daily,30,2025-08-14
RX0220,P102,D003,A0706,MED022,5mg,Twice Daily,14,2025-09-10
RX0221,P019,D002,A1876,MED061,20mg,As Needed,3,2025-10-11
RX0222,P182,D001,A0116,MED079,500mg,Three Times Daily,3,2025-08-13
RX0223,P009,D001,A1873,MED010,500mg,Twice Daily,5,2026-07-29
RX0224,P127,D004,A0099,MED003,250mg,As Needed,5,2025-05-25
RX0225,P092,D003,A0600,MED087,5mg,Twice Daily,60,2026-01-25
RX0226,P297,D005,A0080,MED043,10mg,Twice Daily,14,2025-06-04
RX0227,P115,D002,A1919,MED060,250mg,As Needed,3,2025-11-20
RX0228,P197,D005,A0957,MED029,500mg,As Needed,5,2025-01-25
RX0229,P038,D005,A1593,MED055,500mg,Once Daily,5,2025-05-02
RX0230,P070,D004,A0302,MED009,20mg,As Needed,3,2026-01-23
RX0231,P223,D001,A1742,MED022,10mg,As Needed,3,2025-04-13
RX0232,P081,D001,A0056,MED065,500mg,Twice Daily,3,2025-01-12
RX0233,P077,D005,A1420,MED036,5mg,Once Daily,60,2026-09-16
RX0234,P143,D003,A0592,MED038,20mg,As Needed,7,2026-02-07
RX0235,P051,D004,A1025,MED099,10mg,As Needed,30,2025-04-09
RX0236,P158,D001,A1461,MED029,10mg,As Needed,60,2025-12-22
RX0237,P136,D001,A0204,MED072,5mg,Twice Daily,14,2026-05-11
RX0238,P201,D003,A1465,MED086,10mg,Three Times Daily,30,2025-01-07
RX0239,P004,D003,A0896,MED077,10mg,Once Daily,30,2025-12-10
RX0240,P022,D005,A0840,MED085,10mg,Twice Daily,14,2025-04-02
RX0241,P256,D005,A0539,MED006,5mg,As Needed,3,2025-09-14
RX0242,P196,D005,A1344,MED090,250mg,Three Times Daily,30,2025-09-16
RX0243,P290,D004,A1437,MED021,5mg,Twice Daily,7,2025-01-27
RX0244,P037,D003,A1795,MED039,10mg,Once Daily,5,2026-05-03
RX0245,P127,D005,A0667,MED078,5mg,Once Daily,3,2026-12-30
RX0246,P158,D001,A0264,MED045,5mg,Twice Daily,7,2026-04-24
RX0247,P154,D004,A0242,MED063,500mg,Three Times Daily,60,2026-09-29
RX0248,P106,D004,A1294,MED025,250mg,As Needed,30,2026-02-10
RX0249,P225,D001,A1379,MED085,500mg,Once Daily,30,2026-09-04
RX0250,P214,D002,A0158,MED033,500mg,Three Times Daily,14,2026-05-29
RX0251,P027,D002,A0674,MED083,500mg,Once Daily,30,2025-11-04
RX0252,P260,D002,A0085,MED019,500mg,Twice Daily,30,2025-11-05
RX0253,P029,D004,A0361,MED022,20mg,Three Times Daily,30,2026-09-13
RX0254,P052,D003,A0280,MED046,10mg,Once Daily,30,2026-02-18
RX0255,P196,D003,A0380,MED017,500mg,Twice Daily,3,2026-06-25
RX0256,P066,D001,A1190,MED043,500mg,As Needed,30,2025-01-27
RX0257,P051,D002,A0187,MED083,250mg,Twice Daily,3,2025-12-17
RX0258,P029,D001,A0449,MED047,5mg,Three Times Daily,60,2025-05-30
RX0259,P102,D003,A0579,MED084,20mg,Once Daily,30,2025-11-12
RX0260,P005,D001,A0412,MED040,10mg,Twice Daily,5,2025-07-12
RX0261,P190,D003,A1590,MED007,20mg,As Needed,14,2026-05-08
RX0262,P214,D002,A1909,MED035,5mg,Three Times Daily,30,2025-07-27
RX0263,P231,D003,A0106,MED097,5mg,Twice Daily,3,2025-12-31
RX0264,P289,D002,A1979,MED072,20mg,As Needed,14,2026-10-25
RX0265,P115,D002,A0273,MED016,500mg,As Needed,60,2025-10-20
RX0266,P271,D005,A1749,MED035,10mg,Twice Daily,14,2026-02-18
RX0267,P133,D003,A1663,MED050,10mg,Twice Daily,7,2025-10-30
RX0268,P206,D002,A0541,MED084,5mg,Twice Daily,5,2026-06-03
RX0269,P179,D003,A1800,MED020,500mg,Three Times Daily,30,2026-08-13
RX0270,P160,D001,A1071,MED098,10mg,Twice Daily,14,2026-11-29
RX0271,P100,D002,A0686,MED058,250mg,Once Daily,14,2025-11-28
RX0272,P050,D002,A0040,MED095,500mg,As Needed,30,2026-11-03
RX0273,P082,D003,A1716,MED024,500mg,As Needed,7,2026-01-24
RX0274,P198,D002,A0385,MED059,5mg,As Needed,30,2026-01-22
RX0275,P123,D005,A1260,MED089,5mg,Once Daily,3,2026-08-21
RX0276,P232,D003,A0001,MED083,5mg,Twice Daily,14,2026-09-05
RX0277,P118,D002,A1675,MED047,250mg,Three Times Daily,30,2025-06-18
RX0278,P042,D005,A1910,MED071,500mg,Once Daily,7,2026-04-01
RX0279,P029,D004,A0361,MED064,20mg,As Needed,14,2026-09-13
RX0280,P106,D003,A0746,MED036,500mg,As Needed,14,2026-05-10
RX0281,P059,D004,A0544,MED082,250mg,As Needed,5,2026-04-25
RX0282,P280,D001,A1599,MED037,500mg,As Needed,60,2026-02-04
RX0283,P298,D001,A1556,MED022,500mg,Three Times Daily,7,2025-06-14
RX0284,P194,D001,A1953,MED025,5mg,Twice Daily,5,2025-01-15
RX0285,P115,D002,A0054,MED032,500mg,Once Daily,7,2026-07-28
RX0286,P166,D003,A0802,MED057,250mg,Twice Daily,3,2025-09-11
RX0287,P034,D002,A1064,MED089,20mg,Twice Daily,5,2025-05-14
RX0288,P129,D001,A0787,MED041,20mg,Once Daily,60,2025-11-21
RX0289,P217,D005,A1533,MED055,250mg,As Needed,60,2026-07-21
RX0290,P141,D005,A1336,MED061,5mg,Once Daily,60,2026-08-05
RX0291,P054,D002,A0345,MED006,250mg,Three Times Daily,30,2025-10-15
RX0292,P225,D002,A0508,MED002,250mg,Once Daily,60,2025-04-26
RX0293,P287,D002,A0950,MED073,250mg,Twice Daily,5,2026-04-14
RX0294,P295,D004,A0577,MED041,250mg,As Needed,3,2025-03-08
RX0295,P189,D003,A0227,MED077,500mg,Once Daily,7,2025-04-14
RX0296,P049,D004,A1268,MED046,500mg,Once Daily,3,2026-10-12
RX0297,P118,D004,A1592,MED039,500mg,Three Times Daily,14,2026-04-13
RX0298,P175,D003,A1065,MED035,500mg,Twice Daily,60,2025-10-22
RX0299,P180,D005,A1308,MED053,250mg,Three Times Daily,30,2026-09-20
RX0300,P034,D004,A0423,MED063,500mg,Twice Daily,7,2026-05-24
RX0301,P145,D005,A1227,MED070,20mg,Once Daily,5,2025-09-29
RX0302,P218,D005,A1488,MED086,5mg,Once Daily,7,2026-07-13
RX0303,P156,D002,A0461,MED092,5mg,As Needed,60,2026-04-09
RX0304,P109,D004,A1802,MED078,10mg,As Needed,60,2026-01-02
RX0305,P112,D003,A0320,MED063,250mg,Three Times Daily,7,2025-12-04
RX0306,P219,D005,A1642,MED041,10mg,Twice Daily,5,2026-05-30
RX0307,P072,D003,A1729,MED067,5mg,Twice Daily,30,2026-06-14
RX0308,P012,D002,A0535,MED089,10mg,Once Daily,30,2025-02-09
RX0309,P051,D001,A1293,MED022,20mg,As Needed,14,2026-07-13
RX0310,P103,D004,A1172,MED085,20mg,Once Daily,30,2026-12-10
RX0311,P063,D002,A0460,MED010,10mg,Twice Daily,3,2025-04-09
RX0312,P257,D001,A0245,MED059,10mg,Once Daily,3,2025-03-21
RX0313,P190,D004,A0410,MED047,20mg,Twice Daily,7,2025-12-13
RX0314,P269,D001,A0692,MED002,20mg,Twice Daily,30,2026-07-06
RX0315,P093,D001,A1843,MED010,500mg,Twice Daily,7,2025-06-17
RX0316,P131,D004,A1383,MED009,500mg,Twice Daily,7,2026-07-07
RX0317,P046,D005,A1971,MED018,5mg,Once Daily,14,2025-05-14
RX0318,P141,D004,A0513,MED100,10mg,Three Times Daily,3,2025-05-22
RX0319,P226,D001,A1292,MED040,10mg,As Needed,7,2025-08-15
RX0320,P287,D005,A0042,MED096,250mg,Once Daily,3,2025-06-22
RX0321,P080,D001,A0325,MED093,10mg,Twice Daily,30,2025-07-14
RX0322,P168,D005,A0486,MED082,5mg,Once Daily,7,2025-09-24
RX0323,P006,D005,A1689,MED050,250mg,As Needed,30,2026-12-29
RX0324,P131,D004,A1928,MED094,250mg,Three Times Daily,3,2026-05-04
RX0325,P045,D001,A1459,MED026,250mg,Three Times Daily,3,2025-04-10
RX0326,P157,D003,A1898,MED066,250mg,As Needed,7,2026-02-25
RX0327,P296,D004,A0025,MED100,250mg,Three Times Daily,5,2026-12-30
RX0328,P008,D005,A0199,MED059,10mg,Twice Daily,5,2026-09-02
RX0329,P087,D004,A0420,MED032,500mg,As Needed,7,2026-07-13
RX0330,P117,D004,A0764,MED080,250mg,Once Daily,5,2025-12-02
RX0331,P029,D005,A1958,MED075,500mg,Once Daily,30,2026-11-12
RX0332,P094,D001,A1455,MED038,10mg,Once Daily,14,2026-05-30
RX0333,P284,D003,A0050,MED076,20mg,Twice Daily,5,2025-10-20
RX0334,P093,D003,A0023,MED061,5mg,Three Times Daily,7,2025-07-13
RX0335,P183,D003,A0253,MED009,10mg,As Needed,3,2026-10-28
RX0336,P022,D002,A0090,MED013,250mg,Three Times Daily,14,2025-12-14
RX0337,P170,D001,A1905,MED065,20mg,Once Daily,14,2026-09-14
RX0338,P262,D004,A1964,MED027,500mg,Three Times Daily,30,2025-03-05
RX0339,P127,D005,A0667,MED040,250mg,Once Daily,30,2026-12-30
RX0340,P206,D003,A1175,MED037,250mg,Twice Daily,14,2025-11-15
RX0341,P078,D003,A0956,MED049,5mg,As Needed,7,2026-10-13
RX0342,P147,D001,A1698,MED028,20mg,As Needed,7,2026-02-22
RX0343,P014,D005,A1019,MED038,5mg,As Needed,14,2026-11-14
RX0344,P166,D004,A0139,MED055,10mg,Once Daily,7,2025-12-30
RX0345,P288,D005,A1574,MED001,5mg,Three Times Daily,14,2026-09-09
RX0346,P240,D004,A0151,MED047,5mg,Three Times Daily,30,2025-08-26
RX0347,P295,D003,A1456,MED034,5mg,Three Times Daily,3,2026-01-01
RX0348,P089,D005,A0656,MED073,5mg,Once Daily,5,2026-10-23
RX0349,P271,D001,A0436,MED021,500mg,Three Times Daily,3,2026-10-02
RX0350,P287,D004,A0805,MED046,250mg,As Needed,60,2026-11-10
RX0351,P108,D005,A1287,MED003,250mg,As Needed,60,2025-05-10
RX0352,P036,D002,A1738,MED082,5mg,Once Daily,60,2026-08-22
RX0353,P209,D005,A0466,MED013,5mg,Three Times Daily,3,2025-11-04
RX0354,P204,D001,A0871,MED003,250mg,Twice Daily,3,2026-11-09
RX0355,P259,D003,A0475,MED050,20mg,Once Daily,3,2025-08-10
RX0356,P122,D003,A0643,MED039,10mg,Once Daily,14,2026-01-18
RX0357,P121,D002,A0912,MED063,250mg,Once Daily,7,2026-03-08
RX0358,P252,D003,A0604,MED006,250mg,Twice Daily,7,2025-08-24
RX0359,P110,D003,A0868,MED052,20mg,Three Times Daily,30,2026-01-17
RX0360,P273,D005,A1892,MED026,10mg,As Needed,5,2025-08-02
RX0361,P055,D003,A0430,MED022,10mg,Three Times Daily,3,2026-07-22
RX0362,P232,D003,A1428,MED094,500mg,Three Times Daily,30,2025-09-02
RX0363,P241,D002,A0911,MED071,250mg,Three Times Daily,3,2025-08-24
RX0364,P092,D005,A1517,MED009,20mg,As Needed,3,2025-01-30
RX0365,P070,D004,A0125,MED024,250mg,Once Daily,30,2026-03-30
RX0366,P234,D001,A1494,MED020,10mg,Once Daily,14,2025-02-02
RX0367,P089,D001,A1626,MED009,20mg,As Needed,14,2025-03-20
RX0368,P069,D005,A1688,MED025,5mg,Three Times Daily,3,2026-04-21
RX0369,P026,D003,A0635,MED083,10mg,Three Times Daily,7,2025-06-29
RX0370,P209,D001,A0583,MED061,20mg,As Needed,7,2026-01-04
RX0371,P276,D001,A0615,MED027,10mg,As Needed,7,2026-06-27
RX0372,P197,D002,A0893,MED025,250mg,As Needed,14,2026-12-08
RX0373,P141,D005,A1336,MED008,20mg,Once Daily,60,2026-08-05
RX0374,P262,D004,A1964,MED010,5mg,As Needed,14,2025-03-05
RX0375,P234,D005,A1261,MED078,250mg,Twice Daily,7,2026-10-03
RX0376,P092,D005,A0287,MED065,500mg,Twice Daily,14,2025-09-09
RX0377,P021,D003,A1265,MED031,10mg,Once Daily,7,2026-03-09
RX0378,P287,D004,A0366,MED003,10mg,Three Times Daily,60,2026-11-29
RX0379,P276,D002,A0337,MED074,500mg,As Needed,3,2026-04-01
RX0380,P003,D003,A0143,MED060,5mg,Three Times Daily,5,2025-08-27
RX0381,P235,D003,A1685,MED062,20mg,Three Times Daily,7,2026-04-16
RX0382,P221,D004,A0333,MED099,250mg,Once Daily,3,2026-02-27
RX0383,P237,D002,A0688,MED064,250mg,Twice Daily,7,2026-03-06
RX0384,P127,D003,A1069,MED074,20mg,As Needed,30,2025-03-30
RX0385,P098,D001,A1410,MED006,250mg,Once Daily,5,2025-03-10
RX0386,P001,D001,A0856,MED076,250mg,As Needed,30,2025-02-11
RX0387,P198,D003,A0561,MED070,10mg,Twice Daily,60,2025-12-21
RX0388,P089,D002,A1107,MED058,20mg,Three Times Daily,14,2025-01-19
RX0389,P257,D001,A1906,MED042,250mg,Once Daily,60,2025-12-25
RX0390,P104,D001,A1241,MED063,250mg,Three Times Daily,60,2026-10-25
RX0391,P218,D005,A0710,MED071,250mg,Twice Daily,7,2025-07-06
RX0392,P086,D002,A1466,MED004,5mg,Three Times Daily,14,2025-05-27
RX0393,P206,D004,A0750,MED060,20mg,Three Times Daily,14,2025-05-03
RX0394,P008,D002,A0961,MED023,20mg,Twice Daily,60,2026-12-09
RX0395,P062,D001,A0016,MED002,20mg,Once Daily,5,2026-08-01
RX0396,P143,D005,A1159,MED059,5mg,Once Daily,30,2026-01-23
RX0397,P230,D004,A1803,MED024,5mg,As Needed,30,2026-11-27
RX0398,P189,D004,A0735,MED038,10mg,Once Daily,14,2026-07-01
RX0399,P162,D001,A0110,MED031,250mg,Three Times Daily,5,2025-03-03
RX0400,P155,D004,A0975,MED090,20mg,As Needed,60,2025-02-11
RX0401,P276,D002,A1708,MED029,500mg,Once Daily,14,2025-03-27
RX0402,P036,D001,A1751,MED046,20mg,Once Daily,5,2025-08-01
RX0403,P287,D004,A0805,MED089,5mg,As Needed,30,2026-11-10
RX0404,P173,D002,A1881,MED073,20mg,Once Daily,30,2025-02-05
RX0405,P173,D004,A1871,MED013,10mg,Twice Daily,14,2025-10-19
RX0406,P079,D005,A1256,MED060,10mg,Twice Daily,5,2025-10-05
RX0407,P028,D003,A1239,MED092,20mg,Three Times Daily,14,2026-11-18
RX0408,P298,D002,A1997,MED022,20mg,Three Times Daily,3,2026-07-18
RX0409,P139,D003,A1408,MED052,10mg,Twice Daily,3,2026-09-11
RX0410,P043,D003,A1645,MED052,5mg,Twice Daily,30,2025-02-10
RX0411,P167,D002,A0268,MED046,250mg,Twice Daily,3,2025-01-26
RX0412,P113,D004,A0499,MED049,5mg,Once Daily,3,2025-02-24
RX0413,P246,D003,A0920,MED067,500mg,Twice Daily,30,2026-04-02
RX0414,P038,D002,A0165,MED031,5mg,As Needed,14,2025-11-19
RX0415,P048,D005,A1335,MED096,500mg,Three Times Daily,30,2025-10-06
RX0416,P153,D005,A1481,MED048,500mg,Once Daily,5,2025-07-30
RX0417,P172,D004,A0389,MED046,20mg,Twice Daily,3,2026-11-24
RX0418,P114,D005,A1807,MED034,10mg,Once Daily,60,2025-03-06
RX0419,P291,D003,A0181,MED048,20mg,Once Daily,5,2025-07-15
RX0420,P256,D001,A0514,MED053,5mg,Once Daily,60,2025-04-04
RX0421,P222,D003,A0789,MED082,5mg,Twice Daily,7,2026-10-13
RX0422,P060,D001,A0623,MED003,10mg,As Needed,14,2026-01-12
RX0423,P056,D003,A1264,MED053,20mg,Once Daily,3,2026-12-03
RX0424,P284,D001,A1365,MED089,10mg,Twice Daily,3,2026-05-11
RX0425,P156,D001,A1091,MED090,250mg,Three Times Daily,7,2026-10-29
RX0426,P155,D002,A0478,MED014,500mg,Twice Daily,5,2026-05-22
RX0427,P070,D002,A1373,MED020,500mg,Once Daily,5,2025-08-22
RX0428,P145,D001,A1096,MED096,10mg,Twice Daily,7,2025-09-27
RX0429,P146,D003,A0873,MED067,5mg,As Needed,7,2025-11-16
RX0430,P284,D005,A1075,MED005,250mg,Once Daily,30,2026-04-07
RX0431,P089,D002,A1107,MED050,250mg,Twice Daily,5,2025-01-19
RX0432,P122,D004,A1084,MED085,20mg,Three Times Daily,30,2025-04-11
RX0433,P250,D004,A0562,MED062,500mg,Three Times Daily,7,2025-08-13
RX0434,P093,D005,A0943,MED079,20mg,Three Times Daily,3,2026-04-08
RX0435,P003,D004,A0468,MED069,500mg,As Needed,14,2025-03-21
RX0436,P273,D005,A1058,MED039,5mg,As Needed,5,2026-10-24
RX0437,P140,D003,A1275,MED027,250mg,Twice Daily,60,2026-01-17
RX0438,P112,D001,A0444,MED004,10mg,Three Times Daily,30,2026-11-09
RX0439,P149,D003,A0569,MED026,500mg,As Needed,30,2025-11-05
RX0440,P289,D003,A1424,MED062,5mg,As Needed,3,2025-08-16
RX0441,P294,D002,A1766,MED091,5mg,As Needed,3,2025-08-23
RX0442,P120,D001,A1789,MED093,500mg,As Needed,3,2026-09-29
RX0443,P232,D005,A1541,MED022,5mg,Once Daily,3,2026-02-15
RX0444,P220,D002,A1204,MED030,5mg,Three Times Daily,60,2026-10-30
RX0445,P268,D002,A0058,MED089,250mg,Three Times Daily,60,2026-11-16
RX0446,P116,D004,A0652,MED078,500mg,As Needed,5,2026-12-11
RX0447,P024,D001,A1029,MED050,10mg,Once Daily,30,2025-02-15
RX0448,P218,D005,A0710,MED081,20mg,Once Daily,5,2025-07-06
RX0449,P275,D002,A1060,MED009,500mg,As Needed,7,2025-07-17
RX0450,P250,D001,A1860,MED014,10mg,Three Times Daily,3,2026-10-09
RX0451,P170,D002,A0011,MED014,5mg,Once Daily,60,2026-05-04
RX0452,P231,D003,A0106,MED060,250mg,Once Daily,5,2025-12-31
RX0453,P192,D002,A0485,MED054,5mg,Three Times Daily,7,2026-07-21
RX0454,P065,D004,A0542,MED028,10mg,Twice Daily,60,2025-04-22
RX0455,P097,D002,A0998,MED074,10mg,As Needed,30,2026-08-26
RX0456,P052,D003,A1537,MED027,10mg,Once Daily,60,2026-06-04
RX0457,P134,D004,A0202,MED062,250mg,Three Times Daily,60,2026-10-18
RX0458,P221,D004,A0333,MED066,10mg,As Needed,5,2026-02-27
RX0459,P016,D005,A1983,MED099,20mg,Once Daily,14,2025-03-19
RX0460,P065,D005,A0979,MED024,250mg,Once Daily,30,2025-07-13
RX0461,P291,D005,A0298,MED066,10mg,Twice Daily,3,2026-08-21
RX0462,P259,D001,A0889,MED046,20mg,Twice Daily,7,2025-10-03
RX0463,P123,D005,A1260,MED056,500mg,As Needed,3,2026-08-21
RX0464,P201,D001,A1998,MED068,250mg,Once Daily,14,2026-06-18
RX0465,P018,D002,A0201,MED011,5mg,Twice Daily,60,2026-01-29
RX0466,P196,D004,A0100,MED051,500mg,Once Daily,30,2025-08-01
RX0467,P045,D005,A0180,MED039,5mg,As Needed,5,2026-09-08
RX0468,P145,D004,A1318,MED015,10mg,Twice Daily,5,2026-12-13
RX0469,P067,D002,A1191,MED022,250mg,Once Daily,30,2025-10-26
RX0470,P017,D003,A0551,MED038,250mg,Once Daily,7,2026-03-30
RX0471,P019,D004,A0866,MED095,20mg,Twice Daily,60,2025-03-29
RX0472,P067,D003,A0270,MED083,5mg,Three Times Daily,30,2026-08-14
RX0473,P044,D005,A0737,MED063,250mg,Three Times Daily,30,2025-07-15
RX0474,P107,D003,A1949,MED040,5mg,Once Daily,3,2025-12-01
RX0475,P188,D005,A0344,MED035,10mg,Three Times Daily,60,2025-01-26
RX0476,P153,D001,A0105,MED026,5mg,Once Daily,14,2026-01-31
RX0477,P047,D003,A1761,MED083,500mg,Three Times Daily,30,2026-06-29
RX0478,P049,D004,A0438,MED085,500mg,As Needed,30,2026-05-01
RX0479,P165,D003,A0971,MED069,10mg,Twice Daily,60,2025-10-20
RX0480,P272,D004,A0453,MED091,500mg,Once Daily,7,2025-01-16
RX0481,P104,D001,A1628,MED094,250mg,As Needed,5,2025-09-17
RX0482,P031,D004,A1552,MED061,20mg,Once Daily,14,2026-09-16
RX0483,P055,D002,A1254,MED090,20mg,Three Times Daily,60,2025-06-13
RX0484,P119,D002,A1625,MED009,5mg,Twice Daily,5,2026-08-10
RX0485,P110,D005,A0732,MED036,250mg,As Needed,14,2025-04-21
RX0486,P281,D004,A0043,MED084,5mg,As Needed,7,2025-11-09
RX0487,P282,D004,A1581,MED075,10mg,As Needed,5,2026-01-02
RX0488,P032,D003,A0777,MED078,5mg,Three Times Daily,60,2026-08-27
RX0489,P061,D005,A1544,MED054,20mg,Once Daily,7,2026-12-23
RX0490,P240,D005,A0972,MED052,20mg,Twice Daily,60,2026-05-09
RX0491,P057,D004,A0806,MED076,250mg,As Needed,7,2026-10-16
RX0492,P261,D003,A1214,MED082,10mg,Three Times Daily,30,2026-11-23
RX0493,P258,D001,A1731,MED056,5mg,As Needed,14,2026-08-16
RX0494,P259,D001,A1128,MED055,250mg,Once Daily,3,2025-02-05
RX0495,P073,D001,A0980,MED099,500mg,Once Daily,60,2025-08-21
RX0496,P267,D001,A0858,MED066,20mg,Three Times Daily,5,2026-10-23
RX0497,P078,D004,A1884,MED009,5mg,As Needed,30,2025-02-11
RX0498,P293,D002,A0691,MED002,500mg,Three Times Daily,3,2026-05-15
RX0499,P017,D004,A1274,MED083,250mg,Once Daily,3,2025-01-12
RX0500,P066,D003,A1396,MED040,250mg,Twice Daily,3,2026-08-19
RX0501,P077,D003,A0620,MED047,500mg,Once Daily,60,2026-03-21
RX0502,P216,D002,A1596,MED089,250mg,Twice Daily,3,2025-06-05
RX0503,P299,D005,A1605,MED044,5mg,As Needed,3,2025-05-02
RX0504,P086,D002,A1466,MED049,10mg,Once Daily,7,2025-05-27
RX0505,P294,D004,A0601,MED091,20mg,Twice Daily,30,2025-03-04
RX0506,P081,D003,A0626,MED022,250mg,Twice Daily,30,2026-05-18
RX0507,P204,D004,A1020,MED091,250mg,Twice Daily,60,2026-08-21
RX0508,P265,D003,A1104,MED040,500mg,Twice Daily,14,2025-05-17
RX0509,P171,D002,A1074,MED089,10mg,Once Daily,5,2026-08-20
RX0510,P146,D003,A1921,MED040,10mg,Twice Daily,30,2026-11-07
RX0511,P168,D004,A1634,MED039,250mg,Once Daily,5,2025-05-24
RX0512,P143,D005,A1591,MED088,500mg,As Needed,30,2026-11-08
RX0513,P288,D001,A0398,MED026,20mg,Once Daily,3,2026-07-11
RX0514,P215,D001,A0196,MED013,5mg,Once Daily,5,2025-10-09
RX0515,P123,D003,A0744,MED090,500mg,Twice Daily,30,2026-10-17
RX0516,P182,D002,A0757,MED083,10mg,Three Times Daily,30,2025-01-03
RX0517,P073,D003,A1551,MED091,250mg,Three Times Daily,7,2026-10-08
RX0518,P068,D002,A1187,MED008,250mg,As Needed,5,2026-10-02
RX0519,P171,D001,A0629,MED040,250mg,As Needed,3,2026-11-26
RX0520,P282,D002,A1044,MED042,500mg,Three Times Daily,30,2025-06-10
RX0521,P047,D004,A1503,MED089,5mg,Three Times Daily,14,2026-12-09
RX0522,P019,D004,A1341,MED033,250mg,Three Times Daily,5,2026-01-01
RX0523,P180,D003,A1703,MED079,500mg,Twice Daily,3,2025-04-01
RX0524,P104,D004,A0089,MED055,10mg,Three Times Daily,7,2025-10-02
RX0525,P082,D001,A1235,MED054,500mg,Three Times Daily,3,2025-05-23
RX0526,P051,D002,A1229,MED038,500mg,As Needed,60,2026-03-15
RX0527,P268,D002,A1049,MED006,500mg,Twice Daily,30,2026-11-28
RX0528,P156,D004,A1435,MED001,10mg,Twice Daily,5,2025-08-29
RX0529,P042,D002,A1236,MED044,5mg,Once Daily,3,2026-09-21
RX0530,P247,D001,A0185,MED021,250mg,Three Times Daily,5,2026-08-11
RX0531,P271,D003,A1141,MED044,250mg,Twice Daily,30,2026-07-21
RX0532,P101,D002,A0728,MED003,5mg,As Needed,60,2025-09-27
RX0533,P010,D002,A1463,MED033,250mg,As Needed,30,2025-02-02
RX0534,P165,D005,A1273,MED079,20mg,Three Times Daily,7,2025-03-09
RX0535,P043,D003,A1157,MED083,5mg,As Needed,60,2026-01-19
RX0536,P030,D002,A1735,MED095,500mg,Three Times Daily,60,2026-05-27
RX0537,P068,D004,A1975,MED077,250mg,Three Times Daily,60,2026-07-16
RX0538,P218,D002,A0898,MED063,250mg,Twice Daily,30,2025-05-23
RX0539,P294,D005,A0532,MED020,500mg,Three Times Daily,5,2026-01-03
RX0540,P132,D003,A0340,MED098,20mg,Three Times Daily,30,2025-10-05
RX0541,P199,D005,A1702,MED083,10mg,Twice Daily,3,2026-06-11
RX0542,P095,D001,A0759,MED071,10mg,Once Daily,7,2025-04-24
RX0543,P023,D003,A1982,MED022,250mg,Once Daily,7,2025-06-06
RX0544,P262,D005,A0666,MED099,250mg,As Needed,5,2025-06-13
RX0545,P104,D004,A0089,MED070,20mg,Once Daily,3,2025-10-02
RX0546,P022,D003,A1920,MED013,10mg,As Needed,60,2026-04-10
RX0547,P145,D001,A1096,MED020,250mg,As Needed,3,2025-09-27
RX0548,P123,D003,A1479,MED071,10mg,Three Times Daily,3,2025-09-24
RX0549,P095,D004,A1307,MED012,250mg,Once Daily,7,2026-12-23
RX0550,P033,D004,A0364,MED044,500mg,Once Daily,60,2026-09-02
RX0551,P256,D001,A1769,MED011,5mg,Three Times Daily,5,2026-01-04
RX0552,P232,D003,A1200,MED036,500mg,Once Daily,7,2025-02-21
RX0553,P171,D001,A1752,MED074,250mg,As Needed,5,2026-10-23
RX0554,P081,D003,A1052,MED027,20mg,Three Times Daily,14,2025-04-16
RX0555,P030,D002,A1735,MED014,250mg,As Needed,5,2026-05-27
RX0556,P006,D005,A1346,MED027,500mg,Twice Daily,60,2026-06-23
RX0557,P075,D005,A0226,MED017,10mg,Three Times Daily,3,2026-12-17
RX0558,P282,D002,A1301,MED010,20mg,Three Times Daily,14,2026-08-03
RX0559,P236,D005,A1513,MED080,5mg,Three Times Daily,7,2025-11-12
RX0560,P118,D002,A1675,MED015,250mg,Twice Daily,60,2025-06-18
RX0561,P039,D001,A0467,MED067,250mg,Once Daily,7,2025-11-25
RX0562,P095,D004,A1782,MED084,5mg,Three Times Daily,3,2026-10-05
RX0563,P037,D003,A1314,MED097,250mg,Once Daily,3,2026-12-17
RX0564,P259,D005,A1854,MED064,500mg,Once Daily,7,2025-01-19
RX0565,P235,D002,A1347,MED026,20mg,Three Times Daily,60,2025-09-29
RX0566,P250,D001,A0294,MED030,250mg,Once Daily,3,2026-05-01
RX0567,P156,D001,A1091,MED066,500mg,Three Times Daily,60,2026-10-29
RX0568,P043,D003,A1645,MED014,20mg,Twice Daily,14,2025-02-10
RX0569,P223,D002,A1326,MED077,5mg,Once Daily,14,2026-03-09
RX0570,P208,D005,A0313,MED099,20mg,Once Daily,5,2026-12-27
RX0571,P149,D003,A0569,MED090,5mg,As Needed,30,2025-11-05
RX0572,P102,D003,A0706,MED032,250mg,Once Daily,60,2025-09-10
RX0573,P123,D004,A0970,MED009,5mg,Twice Daily,7,2026-07-23
RX0574,P068,D005,A1837,MED064,5mg,As Needed,60,2025-04-14
RX0575,P206,D003,A0156,MED005,20mg,Twice Daily,60,2026-03-18
RX0576,P110,D002,A0500,MED041,250mg,Twice Daily,30,2026-07-07
RX0577,P073,D001,A1102,MED070,500mg,Three Times Daily,30,2025-06-26
RX0578,P100,D002,A0686,MED044,20mg,As Needed,3,2025-11-28
RX0579,P159,D002,A0474,MED021,250mg,As Needed,60,2025-04-05
RX0580,P262,D004,A1283,MED028,500mg,Three Times Daily,30,2025-11-28
RX0581,P132,D002,A0296,MED034,250mg,Twice Daily,30,2025-02-11
RX0582,P065,D005,A0979,MED025,500mg,Twice Daily,60,2025-07-13
RX0583,P069,D004,A1303,MED093,500mg,As Needed,60,2026-12-05
RX0584,P164,D001,A1524,MED054,5mg,Once Daily,7,2026-07-08
RX0585,P045,D004,A0654,MED006,5mg,Three Times Daily,14,2025-05-21
RX0586,P242,D003,A0065,MED072,10mg,Three Times Daily,60,2026-03-31
RX0587,P289,D005,A0112,MED036,5mg,Three Times Daily,60,2025-08-21
RX0588,P056,D003,A1234,MED098,20mg,As Needed,5,2025-12-03
RX0589,P286,D003,A1646,MED092,500mg,As Needed,60,2025-07-13
RX0590,P299,D001,A1631,MED089,250mg,Three Times Daily,7,2025-12-12
RX0591,P132,D002,A0646,MED095,5mg,Three Times Daily,5,2026-10-05
RX0592,P166,D001,A1692,MED045,250mg,Once Daily,30,2026-08-07
RX0593,P014,D001,A0949,MED026,250mg,Three Times Daily,3,2025-06-28
RX0594,P009,D004,A0198,MED063,250mg,Twice Daily,60,2026-11-29
RX0595,P055,D005,A1388,MED046,20mg,As Needed,7,2026-04-04
RX0596,P132,D005,A1681,MED030,250mg,Three Times Daily,60,2025-01-12
RX0597,P078,D002,A1888,MED007,5mg,Twice Daily,60,2025-08-02
RX0598,P013,D002,A0721,MED095,500mg,Once Daily,3,2026-01-04
RX0599,P240,D004,A0842,MED045,250mg,Twice Daily,14,2026-04-26
RX0600,P112,D005,A0301,MED009,250mg,As Needed,14,2026-04-07
RX0601,P145,D001,A0463,MED084,250mg,Once Daily,5,2026-07-22
RX0602,P035,D004,A0219,MED019,5mg,Three Times Daily,5,2025-05-12
RX0603,P029,D002,A0137,MED043,250mg,Three Times Daily,30,2026-12-17
RX0604,P214,D002,A0158,MED027,500mg,Twice Daily,3,2026-05-29
RX0605,P091,D002,A1930,MED001,20mg,Three Times Daily,14,2025-11-03
RX0606,P058,D005,A0121,MED100,250mg,Twice Daily,3,2026-12-02
RX0607,P163,D005,A0926,MED016,5mg,As Needed,30,2026-07-09
RX0608,P264,D004,A1530,MED061,20mg,As Needed,7,2025-06-29
RX0609,P193,D002,A0715,MED088,250mg,Three Times Daily,7,2025-07-25
RX0610,P035,D004,A1015,MED058,5mg,As Needed,3,2026-02-13
RX0611,P195,D003,A1472,MED026,500mg,As Needed,60,2026-10-29
RX0612,P106,D003,A1451,MED073,10mg,Once Daily,5,2025-10-17
RX0613,P018,D002,A0424,MED092,500mg,Once Daily,14,2025-07-09
RX0614,P291,D004,A0324,MED060,20mg,Once Daily,7,2026-12-22
RX0615,P031,D004,A1552,MED026,250mg,Twice Daily,30,2026-09-16
RX0616,P036,D002,A1738,MED019,20mg,Once Daily,14,2026-08-22
RX0617,P068,D005,A1837,MED011,10mg,Once Daily,30,2025-04-14
RX0618,P120,D002,A0958,MED079,500mg,Twice Daily,60,2026-06-03
RX0619,P094,D001,A1748,MED054,10mg,Once Daily,3,2025-04-05
RX0620,P246,D003,A1011,MED013,10mg,Once Daily,30,2025-07-15
RX0621,P181,D001,A0847,MED099,250mg,Once Daily,5,2025-05-22
RX0622,P201,D002,A0059,MED004,10mg,Three Times Daily,3,2025-01-29
RX0623,P223,D003,A1643,MED051,5mg,As Needed,7,2026-02-21
RX0624,P269,D005,A0182,MED029,10mg,Three Times Daily,5,2026-05-20
RX0625,P031,D001,A1147,MED062,250mg,Three Times Daily,5,2025-08-30
RX0626,P230,D004,A1803,MED041,5mg,Three Times Daily,60,2026-11-27
RX0627,P139,D005,A1495,MED034,250mg,As Needed,60,2026-07-07
RX0628,P149,D003,A1482,MED085,5mg,Once Daily,3,2025-04-10
RX0629,P291,D002,A1320,MED026,250mg,Once Daily,7,2025-10-06
RX0630,P065,D004,A0542,MED094,250mg,Twice Daily,5,2025-04-22
RX0631,P245,D001,A0391,MED035,250mg,As Needed,60,2026-11-27
RX0632,P125,D003,A0593,MED084,5mg,As Needed,5,2025-05-23
RX0633,P277,D005,A0782,MED030,10mg,Once Daily,14,2025-04-11
RX0634,P089,D002,A1851,MED014,500mg,Twice Daily,3,2025-10-16
RX0635,P110,D002,A1100,MED099,250mg,As Needed,14,2025-09-26
RX0636,P256,D003,A0714,MED056,5mg,Once Daily,60,2026-03-10
RX0637,P296,D001,A1680,MED022,10mg,Twice Daily,30,2025-08-04
RX0638,P100,D005,A1985,MED017,250mg,As Needed,5,2026-12-23
RX0639,P118,D005,A1043,MED011,500mg,As Needed,5,2026-06-10
RX0640,P260,D004,A0984,MED090,10mg,Once Daily,14,2026-08-20
RX0641,P032,D003,A1820,MED007,20mg,Once Daily,7,2025-08-02
RX0642,P112,D004,A0370,MED025,500mg,As Needed,30,2026-09-01
RX0643,P081,D001,A0056,MED048,250mg,Twice Daily,14,2025-01-12
RX0644,P004,D003,A0252,MED068,5mg,Twice Daily,30,2026-12-13
RX0645,P169,D002,A0848,MED083,20mg,Twice Daily,3,2025-10-08
RX0646,P117,D004,A0764,MED078,500mg,Twice Daily,7,2025-12-02
RX0647,P162,D005,A1869,MED031,500mg,Once Daily,60,2026-06-21
RX0648,P047,D005,A0295,MED025,20mg,Twice Daily,30,2025-10-15
RX0649,P274,D005,A1899,MED030,500mg,As Needed,60,2026-07-18
RX0650,P157,D003,A1040,MED097,10mg,Once Daily,30,2026-03-13
RX0651,P143,D003,A0376,MED067,5mg,Once Daily,3,2026-08-19
RX0652,P276,D003,A1497,MED005,5mg,Once Daily,5,2026-12-09
RX0653,P082,D001,A1235,MED001,250mg,Twice Daily,7,2025-05-23
RX0654,P125,D005,A1398,MED095,20mg,Once Daily,3,2026-02-13
RX0655,P169,D004,A0616,MED049,250mg,Three Times Daily,7,2025-01-18
RX0656,P149,D003,A1482,MED043,500mg,Twice Daily,30,2025-04-10
RX0657,P111,D003,A0404,MED086,500mg,Once Daily,3,2026-07-17
RX0658,P290,D005,A0963,MED090,5mg,Three Times Daily,14,2025-10-30
RX0659,P280,D001,A0203,MED012,500mg,As Needed,5,2025-10-28
RX0660,P223,D003,A1643,MED080,20mg,As Needed,60,2026-02-21
RX0661,P100,D004,A0008,MED085,250mg,Twice Daily,14,2025-03-31
RX0662,P243,D002,A0922,MED073,5mg,Once Daily,7,2026-01-03
RX0663,P006,D001,A0697,MED027,250mg,Twice Daily,3,2025-06-07
RX0664,P150,D005,A1155,MED074,10mg,Once Daily,14,2026-07-25
RX0665,P262,D005,A1846,MED045,500mg,Once Daily,3,2025-10-23
RX0666,P190,D003,A1590,MED063,10mg,Twice Daily,5,2026-05-08
RX0667,P073,D001,A0639,MED002,10mg,Twice Daily,5,2026-01-28
RX0668,P229,D003,A1687,MED087,20mg,Once Daily,3,2026-06-10
RX0669,P105,D002,A0010,MED015,250mg,Twice Daily,30,2025-02-19
RX0670,P245,D001,A1745,MED076,20mg,Once Daily,5,2026-02-22
RX0671,P073,D004,A1639,MED038,5mg,As Needed,7,2026-06-13
RX0672,P233,D003,A0546,MED084,500mg,Three Times Daily,60,2025-12-24
RX0673,P075,D002,A1849,MED064,10mg,Twice Daily,14,2025-03-09
RX0674,P019,D004,A1181,MED032,20mg,As Needed,14,2026-05-25
RX0675,P018,D002,A0424,MED028,500mg,Three Times Daily,7,2025-07-09
RX0676,P247,D002,A0527,MED094,20mg,Once Daily,14,2025-05-26
RX0677,P062,D002,A1387,MED056,500mg,Once Daily,7,2026-06-11
RX0678,P071,D004,A0874,MED046,250mg,Once Daily,5,2026-02-21
RX0679,P099,D003,A1317,MED076,250mg,Once Daily,60,2026-02-05
RX0680,P027,D003,A0996,MED036,500mg,Three Times Daily,60,2025-10-18
RX0681,P245,D001,A0391,MED022,250mg,Twice Daily,14,2026-11-27
RX0682,P132,D001,A0425,MED056,20mg,Once Daily,7,2026-11-26
RX0683,P197,D005,A1927,MED087,500mg,Twice Daily,60,2025-05-25
RX0684,P257,D001,A0245,MED068,500mg,Three Times Daily,7,2025-03-21
RX0685,P045,D004,A0654,MED061,250mg,As Needed,60,2025-05-21
RX0686,P087,D005,A1444,MED011,5mg,As Needed,14,2025-05-28
RX0687,P166,D003,A0802,MED081,500mg,As Needed,14,2025-09-11
RX0688,P021,D003,A1265,MED096,20mg,Three Times Daily,5,2026-03-09
RX0689,P232,D005,A1541,MED064,10mg,Twice Daily,7,2026-02-15
RX0690,P143,D005,A1591,MED039,250mg,Twice Daily,30,2026-11-08
RX0691,P132,D002,A0646,MED052,20mg,As Needed,5,2026-10-05
RX0692,P067,D004,A1108,MED020,500mg,Twice Daily,14,2026-10-09
RX0693,P039,D003,A1079,MED099,10mg,Three Times Daily,7,2026-03-01
RX0694,P175,D002,A1772,MED033,20mg,Once Daily,7,2026-07-11
RX0695,P023,D001,A0644,MED031,500mg,Once Daily,60,2026-12-20
RX0696,P170,D004,A0622,MED022,500mg,Twice Daily,7,2026-03-27
RX0697,P182,D004,A1208,MED037,5mg,Once Daily,3,2025-06-18
RX0698,P017,D004,A1274,MED009,10mg,Three Times Daily,3,2025-01-12
RX0699,P040,D004,A0594,MED024,20mg,As Needed,5,2026-10-22
RX0700,P094,D004,A1123,MED056,250mg,Three Times Daily,5,2025-11-17
RX0701,P189,D005,A1271,MED042,20mg,Three Times Daily,3,2026-08-16
RX0702,P014,D003,A0072,MED028,5mg,Twice Daily,60,2025-03-26
RX0703,P141,D003,A0176,MED036,5mg,As Needed,14,2026-11-22
RX0704,P014,D004,A0441,MED038,500mg,Once Daily,5,2025-07-18
RX0705,P040,D002,A0669,MED053,500mg,Three Times Daily,5,2025-05-13
RX0706,P082,D005,A1614,MED071,5mg,Three Times Daily,5,2026-07-27
RX0707,P279,D001,A1223,MED059,500mg,As Needed,60,2025-01-15
RX0708,P246,D002,A0013,MED098,5mg,Once Daily,3,2026-05-18
RX0709,P044,D003,A1582,MED037,10mg,Three Times Daily,30,2026-02-21
RX0710,P259,D003,A0475,MED063,10mg,Once Daily,14,2025-08-10
RX0711,P172,D001,A1522,MED084,10mg,As Needed,30,2025-02-22
RX0712,P103,D001,A0509,MED011,5mg,Three Times Daily,7,2025-09-16
RX0713,P249,D005,A1117,MED050,500mg,Twice Daily,5,2025-11-17
RX0714,P020,D005,A0060,MED051,10mg,Twice Daily,14,2026-03-27
RX0715,P229,D003,A1687,MED040,20mg,Twice Daily,3,2026-06-10
RX0716,P181,D005,A0379,MED035,20mg,Once Daily,7,2025-08-25
RX0717,P101,D002,A1093,MED028,5mg,As Needed,14,2025-08-26
RX0718,P067,D003,A1133,MED036,500mg,Three Times Daily,60,2026-07-05
RX0719,P180,D004,A1281,MED038,20mg,Twice Daily,60,2025-07-22
RX0720,P039,D002,A0027,MED033,250mg,Twice Daily,5,2025-01-21
RX0721,P272,D004,A1863,MED068,250mg,Three Times Daily,3,2026-05-05
RX0722,P193,D003,A0739,MED008,10mg,Twice Daily,7,2026-01-31
RX0723,P075,D002,A1849,MED045,10mg,Once Daily,30,2025-03-09
RX0724,P195,D004,A1693,MED036,20mg,Twice Daily,7,2026-07-04
RX0725,P078,D005,A0074,MED089,5mg,Twice Daily,3,2025-08-17
RX0726,P192,D002,A0485,MED090,5mg,Once Daily,3,2026-07-21
RX0727,P128,D004,A0913,MED096,10mg,Once Daily,5,2025-12-07
RX0728,P280,D003,A1182,MED067,20mg,As Needed,5,2026-12-06
RX0729,P195,D001,A0195,MED031,10mg,As Needed,14,2025-05-01
RX0730,P294,D005,A0532,MED035,500mg,Three Times Daily,14,2026-01-03
RX0731,P267,D004,A1156,MED077,250mg,Once Daily,14,2026-03-09
RX0732,P066,D001,A1190,MED055,500mg,Three Times Daily,7,2025-01-27
RX0733,P054,D003,A1669,MED095,20mg,As Needed,60,2025-11-29
RX0734,P150,D004,A0901,MED021,500mg,Three Times Daily,14,2025-04-11
RX0735,P202,D005,A0559,MED043,5mg,Once Daily,3,2026-01-10
RX0736,P044,D005,A1002,MED073,10mg,Twice Daily,5,2025-08-16
RX0737,P139,D005,A1495,MED008,250mg,As Needed,60,2026-07-07
RX0738,P092,D003,A0053,MED012,10mg,Once Daily,3,2025-12-31
RX0739,P207,D005,A0650,MED062,5mg,Twice Daily,3,2025-12-06
RX0740,P187,D002,A1194,MED073,10mg,As Needed,14,2025-02-25
RX0741,P070,D003,A1454,MED021,5mg,Twice Daily,60,2025-05-05
RX0742,P211,D002,A0771,MED087,20mg,Twice Daily,7,2026-09-16
RX0743,P040,D002,A1506,MED007,500mg,Three Times Daily,5,2025-09-18
RX0744,P244,D003,A0103,MED046,250mg,Once Daily,14,2025-07-02
RX0745,P045,D004,A1436,MED031,500mg,Three Times Daily,14,2026-06-26
RX0746,P180,D005,A1308,MED028,250mg,As Needed,5,2026-09-20
RX0747,P127,D003,A1069,MED066,5mg,Three Times Daily,14,2025-03-30
RX0748,P180,D002,A0150,MED027,5mg,Twice Daily,3,2025-03-10
RX0749,P228,D005,A1861,MED099,500mg,Three Times Daily,5,2025-08-03
RX0750,P245,D002,A1848,MED053,250mg,As Needed,14,2026-02-16
RX0751,P286,D005,A0473,MED013,5mg,Once Daily,3,2026-04-29
RX0752,P098,D005,A1586,MED093,20mg,Three Times Daily,7,2026-04-10
RX0753,P070,D005,A1053,MED043,20mg,Three Times Daily,7,2025-09-14
RX0754,P115,D001,A0659,MED059,250mg,As Needed,14,2025-10-25
RX0755,P063,D005,A0965,MED052,20mg,Twice Daily,60,2025-10-23
RX0756,P106,D002,A1114,MED004,20mg,Three Times Daily,7,2026-05-31
RX0757,P182,D001,A0116,MED032,250mg,Twice Daily,60,2025-08-13
RX0758,P183,D003,A0253,MED031,5mg,Once Daily,60,2026-10-28
RX0759,P027,D005,A1430,MED100,10mg,As Needed,5,2025-06-20
RX0760,P085,D004,A1942,MED020,10mg,Once Daily,5,2025-07-21
RX0761,P282,D005,A1856,MED024,500mg,Twice Daily,60,2025-04-19
RX0762,P002,D002,A1705,MED021,500mg,As Needed,7,2025-01-26
RX0763,P053,D002,A0221,MED083,5mg,As Needed,5,2025-03-09
RX0764,P204,D004,A1818,MED087,250mg,Three Times Daily,30,2025-02-24
RX0765,P096,D004,A1564,MED026,10mg,Three Times Daily,14,2026-08-02
RX0766,P283,D001,A1000,MED081,10mg,Three Times Daily,14,2025-02-23
RX0767,P282,D002,A1301,MED094,20mg,Twice Daily,3,2026-08-03
RX0768,P269,D002,A1850,MED013,5mg,Three Times Daily,7,2026-04-13
RX0769,P175,D002,A1641,MED023,10mg,Twice Daily,3,2025-10-09
RX0770,P214,D001,A1640,MED084,10mg,Once Daily,30,2026-02-09
RX0771,P160,D002,A1951,MED088,250mg,Twice Daily,3,2025-05-24
RX0772,P091,D004,A0127,MED016,500mg,Twice Daily,7,2026-01-25
RX0773,P059,D003,A0709,MED057,20mg,As Needed,14,2025-01-16
RX0774,P200,D001,A0267,MED085,20mg,As Needed,30,2026-02-12
RX0775,P269,D002,A1850,MED072,500mg,Twice Daily,60,2026-04-13
RX0776,P246,D002,A0013,MED011,500mg,Once Daily,14,2026-05-18
RX0777,P237,D004,A0603,MED082,250mg,Once Daily,7,2026-02-08
RX0778,P140,D005,A0200,MED021,250mg,As Needed,14,2026-04-07
RX0779,P044,D005,A1002,MED037,500mg,Once Daily,30,2025-08-16
RX0780,P258,D001,A1731,MED042,20mg,Three Times Daily,30,2026-08-16
RX0781,P098,D004,A1429,MED047,5mg,Three Times Daily,30,2025-03-18
RX0782,P010,D005,A1763,MED089,250mg,Twice Daily,14,2026-02-09
RX0783,P225,D002,A0508,MED059,500mg,As Needed,3,2025-04-26
RX0784,P245,D001,A0019,MED008,5mg,As Needed,14,2025-06-12
RX0785,P238,D003,A1509,MED098,10mg,Twice Daily,7,2025-10-08
RX0786,P091,D004,A0127,MED041,250mg,As Needed,60,2026-01-25
RX0787,P005,D005,A1492,MED023,250mg,Twice Daily,14,2026-07-09
RX0788,P101,D004,A1207,MED033,10mg,Three Times Daily,60,2025-02-10
RX0789,P287,D004,A0366,MED089,10mg,Twice Daily,30,2026-11-29
RX0790,P118,D004,A0068,MED063,10mg,Once Daily,60,2026-10-06
RX0791,P060,D003,A1411,MED076,5mg,Once Daily,60,2025-09-29
RX0792,P275,D004,A1073,MED089,20mg,Once Daily,14,2025-10-05
RX0793,P097,D002,A0998,MED002,250mg,Three Times Daily,5,2026-08-26
RX0794,P162,D003,A1414,MED005,500mg,Once Daily,5,2026-04-11
RX0795,P034,D004,A0191,MED074,500mg,Three Times Daily,14,2026-08-12
RX0796,P208,D005,A0133,MED029,500mg,As Needed,30,2026-04-18
RX0797,P288,D003,A0698,MED017,5mg,As Needed,14,2025-03-05
RX0798,P265,D004,A0007,MED051,500mg,Three Times Daily,5,2025-09-26
RX0799,P252,D001,A0717,MED011,5mg,Three Times Daily,14,2025-09-24
RX0800,P044,D005,A1002,MED077,250mg,Once Daily,30,2025-08-16
RX0801,P140,D001,A1085,MED074,500mg,As Needed,7,2025-10-16
RX0802,P203,D005,A0456,MED024,5mg,Twice Daily,3,2026-11-05
RX0803,P136,D003,A1189,MED098,20mg,Twice Daily,5,2025-08-18
RX0804,P293,D002,A0691,MED034,20mg,Three Times Daily,3,2026-05-15
RX0805,P055,D001,A0367,MED011,5mg,Three Times Daily,60,2025-10-26
RX0806,P024,D001,A1457,MED074,10mg,Three Times Daily,30,2025-12-01
RX0807,P082,D001,A1659,MED016,10mg,Three Times Daily,5,2025-03-27
RX0808,P223,D003,A0818,MED046,10mg,Once Daily,3,2025-09-08
RX0809,P014,D001,A0765,MED044,500mg,Once Daily,3,2025-05-09
RX0810,P090,D002,A1973,MED006,500mg,Three Times Daily,5,2026-05-30
RX0811,P043,D001,A1960,MED013,5mg,Three Times Daily,7,2025-04-21
RX0812,P034,D004,A1560,MED072,250mg,Twice Daily,60,2026-08-04
RX0813,P273,D002,A0177,MED003,500mg,As Needed,14,2026-02-24
RX0814,P123,D003,A0375,MED082,250mg,Twice Daily,30,2025-04-03
RX0815,P145,D003,A1401,MED018,20mg,Twice Daily,7,2026-02-12
RX0816,P048,D001,A1176,MED076,250mg,As Needed,7,2025-07-16
RX0817,P277,D002,A0417,MED062,20mg,Twice Daily,30,2025-01-14
RX0818,P255,D003,A1775,MED094,20mg,Twice Daily,5,2025-07-26
RX0819,P081,D004,A1183,MED024,20mg,As Needed,14,2025-07-03
RX0820,P178,D003,A0069,MED032,20mg,As Needed,14,2025-12-05
RX0821,P211,D003,A1369,MED100,20mg,Three Times Daily,14,2026-05-24
RX0822,P267,D001,A1948,MED006,250mg,Twice Daily,30,2026-09-23
RX0823,P126,D005,A0455,MED046,5mg,Twice Daily,30,2025-05-05
RX0824,P128,D002,A0591,MED064,5mg,As Needed,14,2026-09-06
RX0825,P105,D005,A1030,MED025,250mg,Once Daily,60,2026-10-09
RX0826,P193,D004,A0476,MED084,500mg,Once Daily,7,2025-08-27
RX0827,P007,D004,A0307,MED032,20mg,Three Times Daily,7,2025-01-07
RX0828,P023,D003,A1767,MED055,250mg,Once Daily,60,2025-06-20
RX0829,P156,D005,A1602,MED097,20mg,Three Times Daily,60,2026-11-11
RX0830,P181,D003,A0676,MED034,500mg,As Needed,14,2026-07-29
RX0831,P079,D004,A0408,MED051,250mg,As Needed,14,2026-06-16
RX0832,P050,D003,A0093,MED073,500mg,Once Daily,30,2026-01-31
RX0833,P116,D004,A0652,MED091,250mg,Twice Daily,5,2026-12-11
RX0834,P200,D003,A0220,MED071,500mg,Once Daily,5,2025-12-24
RX0835,P170,D002,A0011,MED090,20mg,Once Daily,5,2026-05-04
RX0836,P279,D004,A1487,MED060,20mg,As Needed,14,2026-04-26
RX0837,P110,D002,A0500,MED022,250mg,Once Daily,3,2026-07-07
RX0838,P191,D001,A1201,MED023,250mg,Once Daily,14,2026-04-07
RX0839,P095,D001,A0759,MED047,500mg,As Needed,5,2025-04-24
RX0840,P088,D005,A0239,MED069,500mg,Three Times Daily,30,2025-11-12
RX0841,P276,D005,A1762,MED032,10mg,Three Times Daily,7,2026-04-15
RX0842,P296,D004,A1097,MED005,5mg,Once Daily,3,2026-02-25
RX0843,P182,D002,A0757,MED004,250mg,Once Daily,60,2025-01-03
RX0844,P060,D001,A1417,MED014,500mg,Twice Daily,3,2026-03-18
RX0845,P292,D002,A1595,MED042,250mg,Three Times Daily,60,2026-09-15
RX0846,P082,D004,A1885,MED048,5mg,Three Times Daily,30,2026-04-14
RX0847,P275,D002,A0275,MED040,20mg,Once Daily,3,2026-02-05
RX0848,P291,D003,A1728,MED041,500mg,As Needed,60,2026-02-15
RX0849,P265,D003,A1778,MED035,500mg,Twice Daily,14,2026-02-09
RX0850,P254,D001,A1787,MED095,20mg,Three Times Daily,5,2025-02-06
RX0851,P148,D005,A1798,MED050,20mg,Twice Daily,5,2025-04-03
RX0852,P178,D003,A0069,MED030,20mg,As Needed,7,2025-12-05
RX0853,P262,D002,A1007,MED029,20mg,Once Daily,14,2026-06-13
RX0854,P194,D002,A0331,MED090,20mg,Once Daily,60,2025-05-10
RX0855,P019,D001,A1217,MED002,500mg,Three Times Daily,60,2025-11-30
RX0856,P162,D001,A1395,MED095,20mg,As Needed,7,2025-05-27
RX0857,P100,D003,A1739,MED019,20mg,Once Daily,14,2026-10-21
RX0858,P187,D002,A1194,MED004,20mg,As Needed,7,2025-02-25
RX0859,P116,D003,A1403,MED082,20mg,Three Times Daily,7,2025-07-23
RX0860,P017,D004,A0892,MED042,250mg,Twice Daily,30,2026-05-19
RX0861,P262,D002,A0306,MED014,250mg,As Needed,14,2025-10-19
RX0862,P111,D003,A0837,MED080,500mg,Twice Daily,60,2026-07-03
RX0863,P164,D001,A1524,MED080,250mg,Three Times Daily,5,2026-07-08
RX0864,P058,D005,A0278,MED053,20mg,Three Times Daily,7,2026-02-18
RX0865,P160,D001,A1345,MED047,250mg,Three Times Daily,14,2025-02-20
RX0866,P232,D003,A1200,MED097,250mg,Once Daily,60,2025-02-21
RX0867,P038,D001,A1790,MED062,20mg,As Needed,30,2025-03-02
RX0868,P134,D003,A1328,MED009,10mg,Twice Daily,3,2025-01-07
RX0869,P180,D002,A0150,MED011,250mg,Twice Daily,3,2025-03-10
RX0870,P061,D002,A1933,MED001,5mg,Once Daily,7,2025-01-05
RX0871,P008,D001,A1129,MED021,500mg,Three Times Daily,60,2025-01-12
RX0872,P264,D001,A0047,MED046,250mg,Twice Daily,7,2026-03-16
RX0873,P128,D001,A0197,MED090,5mg,Three Times Daily,60,2026-08-07
RX0874,P039,D003,A1079,MED020,5mg,Three Times Daily,5,2026-03-01
RX0875,P184,D001,A0044,MED026,5mg,Once Daily,7,2026-05-01
RX0876,P134,D003,A1106,MED100,20mg,Once Daily,7,2025-06-17
RX0877,P254,D001,A1098,MED089,500mg,As Needed,7,2025-07-30
RX0878,P071,D004,A1559,MED008,10mg,Three Times Daily,7,2025-05-10
RX0879,P294,D002,A1766,MED009,250mg,Once Daily,60,2025-08-23
RX0880,P091,D003,A1999,MED029,500mg,Twice Daily,60,2026-06-14
RX0881,P145,D005,A1227,MED086,5mg,Twice Daily,3,2025-09-29
RX0882,P095,D004,A0597,MED067,5mg,Three Times Daily,3,2025-07-08
RX0883,P171,D004,A0536,MED053,250mg,As Needed,5,2025-01-11
RX0884,P117,D003,A0162,MED091,5mg,As Needed,5,2026-03-10
RX0885,P182,D003,A1493,MED015,20mg,Three Times Daily,60,2025-08-14
RX0886,P094,D001,A1455,MED094,250mg,As Needed,7,2026-05-30
RX0887,P251,D001,A0123,MED057,5mg,Three Times Daily,5,2025-06-25
RX0888,P257,D001,A1906,MED057,5mg,As Needed,5,2025-12-25
RX0889,P291,D003,A1728,MED038,500mg,As Needed,3,2026-02-15
RX0890,P158,D001,A1943,MED007,10mg,Twice Daily,3,2026-10-07
RX0891,P119,D001,A0332,MED016,250mg,Three Times Daily,60,2026-12-28
RX0892,P233,D004,A0955,MED031,10mg,Twice Daily,14,2026-12-09
RX0893,P016,D002,A1946,MED062,5mg,Twice Daily,3,2026-01-14
RX0894,P169,D004,A0616,MED033,20mg,Once Daily,60,2025-01-18
RX0895,P185,D004,A1041,MED068,5mg,Three Times Daily,14,2026-08-22
RX0896,P228,D003,A1221,MED018,5mg,Once Daily,3,2025-11-24
RX0897,P065,D004,A0542,MED052,250mg,Once Daily,60,2025-04-22
RX0898,P194,D003,A1618,MED040,20mg,Twice Daily,5,2026-10-13
RX0899,P158,D001,A1461,MED019,500mg,Once Daily,60,2025-12-22
RX0900,P118,D002,A1675,MED094,5mg,Twice Daily,30,2025-06-18
RX0901,P165,D005,A1273,MED036,5mg,As Needed,30,2025-03-09
RX0902,P130,D004,A1709,MED066,20mg,As Needed,7,2025-01-01
RX0903,P283,D001,A0849,MED044,250mg,As Needed,7,2026-08-21
RX0904,P075,D004,A1529,MED063,500mg,Once Daily,14,2026-09-22
RX0905,P249,D003,A0640,MED010,20mg,Twice Daily,7,2025-07-24
RX0906,P025,D004,A0813,MED028,20mg,As Needed,7,2025-11-19
RX0907,P290,D005,A0963,MED034,250mg,Once Daily,7,2025-10-30
RX0908,P211,D003,A1118,MED058,500mg,As Needed,3,2025-11-05
RX0909,P157,D003,A1040,MED058,10mg,Once Daily,14,2026-03-13
RX0910,P198,D005,A0271,MED010,500mg,Once Daily,30,2025-11-21
RX0911,P150,D005,A0780,MED077,250mg,As Needed,14,2026-01-09
RX0912,P047,D003,A1761,MED049,20mg,Twice Daily,7,2026-06-29
RX0913,P254,D003,A1578,MED023,10mg,Once Daily,60,2026-05-23
RX0914,P131,D004,A1383,MED079,500mg,Twice Daily,30,2026-07-07
RX0915,P093,D005,A0564,MED065,5mg,Three Times Daily,5,2025-10-08
RX0916,P123,D002,A1316,MED020,20mg,As Needed,60,2026-06-11
RX0917,P098,D002,A1828,MED093,5mg,Once Daily,14,2025-06-30
RX0918,P078,D003,A0956,MED060,500mg,Three Times Daily,30,2026-10-13
RX0919,P192,D002,A0485,MED038,20mg,Once Daily,30,2026-07-21
RX0920,P020,D002,A1250,MED053,10mg,Three Times Daily,5,2026-04-24
RX0921,P084,D005,A0021,MED038,250mg,Once Daily,7,2025-02-02
RX0922,P178,D003,A0069,MED052,250mg,Once Daily,7,2025-12-05
RX0923,P293,D003,A0645,MED010,250mg,As Needed,30,2026-03-18
RX0924,P143,D003,A1760,MED090,5mg,Once Daily,14,2026-10-13
RX0925,P143,D005,A1159,MED052,5mg,Twice Daily,14,2026-01-23
RX0926,P097,D004,A0231,MED087,20mg,Once Daily,5,2026-04-12
RX0927,P276,D004,A0232,MED041,250mg,As Needed,7,2026-10-23
RX0928,P223,D003,A1643,MED087,500mg,As Needed,30,2026-02-21
RX0929,P082,D005,A1566,MED022,250mg,Once Daily,30,2026-01-04
RX0930,P142,D001,A1764,MED091,20mg,As Needed,7,2026-07-28
RX0931,P266,D003,A1253,MED059,250mg,Twice Daily,30,2026-02-24
RX0932,P144,D005,A0690,MED002,5mg,Once Daily,60,2025-11-17
RX0933,P147,D005,A0241,MED035,500mg,As Needed,60,2025-12-14
RX0934,P197,D003,A0018,MED082,5mg,As Needed,5,2025-01-13
RX0935,P014,D001,A0765,MED092,20mg,Once Daily,30,2025-05-09
RX0936,P291,D003,A0181,MED008,5mg,As Needed,14,2025-07-15
RX0937,P170,D004,A0622,MED016,20mg,Three Times Daily,3,2026-03-27
RX0938,P161,D004,A0218,MED035,250mg,Once Daily,3,2026-10-06
RX0939,P228,D003,A1221,MED096,10mg,Once Daily,7,2025-11-24
RX0940,P042,D005,A0940,MED017,20mg,Three Times Daily,5,2026-01-08
RX0941,P193,D005,A0914,MED059,5mg,Three Times Daily,5,2026-05-09
RX0942,P090,D003,A1857,MED057,20mg,Once Daily,14,2025-09-17
RX0943,P284,D003,A0050,MED029,20mg,Once Daily,14,2025-10-20
RX0944,P096,D004,A1564,MED053,10mg,Twice Daily,14,2026-08-02
RX0945,P155,D004,A0418,MED061,500mg,Twice Daily,14,2026-08-05
RX0946,P203,D005,A0456,MED053,10mg,Once Daily,7,2026-11-05
RX0947,P156,D003,A1585,MED085,20mg,Twice Daily,30,2025-04-15
RX0948,P145,D004,A1318,MED021,500mg,Once Daily,14,2026-12-13
RX0949,P018,D002,A0679,MED012,5mg,As Needed,7,2026-12-01
RX0950,P017,D001,A1840,MED097,5mg,Twice Daily,30,2026-11-04
RX0951,P045,D005,A0180,MED081,250mg,As Needed,3,2026-09-08
RX0952,P171,D002,A1074,MED094,20mg,As Needed,5,2026-08-20
RX0953,P069,D005,A1875,MED070,250mg,Once Daily,30,2025-10-25
RX0954,P273,D005,A1892,MED043,10mg,As Needed,5,2025-08-02
RX0955,P269,D001,A0692,MED093,500mg,Three Times Daily,60,2026-07-06
RX0956,P179,D003,A1800,MED096,10mg,Twice Daily,7,2026-08-13
RX0957,P099,D001,A0235,MED077,10mg,Three Times Daily,7,2025-04-15
RX0958,P029,D005,A1958,MED057,10mg,Once Daily,30,2026-11-12
RX0959,P277,D003,A1464,MED047,250mg,Three Times Daily,30,2025-08-13
RX0960,P028,D004,A1993,MED061,500mg,As Needed,14,2026-12-09
RX0961,P045,D004,A0654,MED026,500mg,As Needed,30,2025-05-21
RX0962,P184,D005,A0400,MED014,10mg,Once Daily,3,2026-02-12
RX0963,P122,D003,A1813,MED003,250mg,As Needed,3,2026-11-03
RX0964,P257,D005,A0754,MED046,20mg,Twice Daily,60,2025-04-20
RX0965,P074,D001,A1018,MED010,5mg,Three Times Daily,3,2026-01-17
RX0966,P149,D005,A1425,MED063,10mg,As Needed,30,2025-10-13
RX0967,P196,D005,A0855,MED032,5mg,Once Daily,14,2025-02-19
RX0968,P205,D003,A1521,MED009,500mg,Three Times Daily,3,2025-12-09
RX0969,P104,D004,A1368,MED077,20mg,As Needed,3,2026-10-22
RX0970,P244,D003,A0621,MED017,500mg,Twice Daily,7,2025-02-13
RX0971,P091,D002,A0617,MED021,5mg,Three Times Daily,60,2025-09-30
RX0972,P008,D001,A1129,MED016,10mg,As Needed,7,2025-01-12
RX0973,P094,D001,A1748,MED048,500mg,Once Daily,7,2025-04-05
RX0974,P037,D003,A0015,MED024,10mg,Three Times Daily,14,2026-09-17
RX0975,P277,D002,A1834,MED047,5mg,Three Times Daily,30,2025-05-27
RX0976,P275,D005,A1801,MED028,500mg,Once Daily,30,2025-05-08
RX0977,P123,D005,A1225,MED086,20mg,Twice Daily,60,2025-05-11
RX0978,P069,D005,A1688,MED049,5mg,Three Times Daily,3,2026-04-21
RX0979,P232,D003,A1200,MED054,5mg,As Needed,3,2025-02-21
RX0980,P015,D003,A1573,MED043,5mg,Once Daily,3,2026-12-06
RX0981,P257,D005,A0754,MED092,5mg,Three Times Daily,7,2025-04-20
RX0982,P154,D004,A0037,MED066,10mg,As Needed,14,2025-10-25
RX0983,P175,D004,A0035,MED088,5mg,Once Daily,30,2025-06-30
RX0984,P081,D001,A0056,MED050,5mg,Once Daily,7,2025-01-12
RX0985,P284,D004,A0776,MED009,10mg,Once Daily,60,2025-02-21
RX0986,P097,D002,A0998,MED001,5mg,As Needed,3,2026-08-26
RX0987,P010,D003,A1842,MED083,5mg,Twice Daily,5,2026-04-21
RX0988,P264,D005,A0057,MED023,20mg,As Needed,30,2025-12-19
RX0989,P140,D001,A1085,MED081,10mg,As Needed,7,2025-10-16
RX0990,P284,D005,A1075,MED045,250mg,Three Times Daily,60,2026-04-07
RX0991,P294,D005,A0532,MED009,10mg,Twice Daily,14,2026-01-03
RX0992,P283,D001,A1632,MED014,5mg,Once Daily,5,2026-05-01
RX0993,P014,D005,A1019,MED074,5mg,As Needed,30,2026-11-14
RX0994,P134,D004,A1135,MED049,10mg,Once Daily,3,2026-10-24
RX0995,P104,D004,A0089,MED062,5mg,Three Times Daily,5,2025-10-02
RX0996,P221,D002,A0115,MED016,5mg,Once Daily,3,2025-01-20
RX0997,P146,D003,A0873,MED081,10mg,Three Times Daily,14,2025-11-16
RX0998,P080,D001,A0762,MED033,250mg,Three Times Daily,7,2026-12-28
RX0999,P232,D004,A0867,MED065,20mg,As Needed,14,2025-06-01
RX1000,P249,D005,A0557,MED088,500mg,Once Daily,30,2025-05-04
RX1001,P066,D003,A0002,MED073,20mg,Three Times Daily,14,2026-03-31
RX1002,P122,D001,A1501,MED055,500mg,Once Daily,7,2026-03-06
RX1003,P132,D004,A1031,MED035,500mg,Twice Daily,60,2025-12-21
RX1004,P086,D003,A1257,MED030,10mg,Once Daily,14,2025-08-28
RX1005,P103,D004,A1852,MED087,250mg,As Needed,5,2025-07-29
RX1006,P297,D005,A0080,MED052,500mg,Three Times Daily,60,2025-06-04
RX1007,P112,D003,A0320,MED100,5mg,Twice Daily,60,2025-12-04
RX1008,P240,D003,A1359,MED030,250mg,Twice Daily,7,2026-10-19
RX1009,P012,D004,A0335,MED019,500mg,Once Daily,60,2026-01-11
RX1010,P204,D002,A1783,MED084,10mg,Twice Daily,5,2026-09-18
RX1011,P295,D003,A0310,MED018,10mg,As Needed,5,2026-05-27
RX1012,P189,D005,A1271,MED054,20mg,As Needed,30,2026-08-16
RX1013,P050,D004,A0387,MED031,500mg,Three Times Daily,3,2025-02-28
RX1014,P067,D003,A1133,MED003,5mg,Three Times Daily,7,2026-07-05
RX1015,P281,D003,A0924,MED010,500mg,As Needed,3,2026-11-07
RX1016,P123,D001,A1144,MED094,5mg,Three Times Daily,3,2026-09-13
RX1017,P075,D001,A0237,MED042,250mg,Twice Daily,14,2025-08-21
RX1018,P258,D001,A0734,MED040,250mg,As Needed,7,2025-04-11
RX1019,P194,D003,A1452,MED072,500mg,Three Times Daily,7,2025-02-18
RX1020,P276,D003,A1497,MED096,5mg,As Needed,60,2026-12-09
RX1021,P201,D003,A1622,MED034,500mg,Three Times Daily,60,2026-06-27
RX1022,P169,D002,A0848,MED072,20mg,Once Daily,7,2025-10-08
RX1023,P053,D004,A0749,MED079,5mg,Twice Daily,30,2026-04-10
RX1024,P276,D002,A0337,MED041,5mg,Twice Daily,14,2026-04-01
RX1025,P028,D005,A1882,MED049,5mg,Three Times Daily,60,2025-05-21
RX1026,P097,D004,A0336,MED051,500mg,As Needed,5,2026-03-24
RX1027,P271,D003,A0995,MED005,250mg,Once Daily,60,2025-10-31
RX1028,P055,D004,A0890,MED093,250mg,Twice Daily,60,2025-01-25
RX1029,P074,D005,A0107,MED013,250mg,Once Daily,5,2026-05-29
RX1030,P232,D001,A0094,MED069,500mg,Twice Daily,30,2025-08-10
RX1031,P044,D005,A0908,MED075,10mg,Three Times Daily,14,2026-03-05
RX1032,P031,D004,A1552,MED048,10mg,As Needed,30,2026-09-16
RX1033,P077,D005,A1565,MED015,10mg,Three Times Daily,5,2025-12-22
RX1034,P113,D004,A0499,MED062,250mg,Three Times Daily,30,2025-02-24
RX1035,P147,D004,A1289,MED037,5mg,Three Times Daily,30,2025-09-16
RX1036,P262,D004,A1283,MED012,10mg,Three Times Daily,30,2025-11-28
RX1037,P015,D003,A1573,MED086,10mg,Three Times Daily,3,2026-12-06
RX1038,P274,D004,A1389,MED049,250mg,As Needed,3,2026-05-28
RX1039,P094,D002,A1453,MED051,500mg,Once Daily,14,2026-01-07
RX1040,P144,D004,A1218,MED008,250mg,Twice Daily,3,2025-06-08
RX1041,P033,D001,A0952,MED066,250mg,Once Daily,3,2026-10-03
RX1042,P205,D003,A1557,MED051,250mg,Three Times Daily,60,2026-04-06
RX1043,P162,D004,A1878,MED099,250mg,Twice Daily,3,2025-04-28
RX1044,P228,D004,A0357,MED042,5mg,Twice Daily,7,2025-06-27
RX1045,P198,D003,A0561,MED053,20mg,As Needed,30,2025-12-21
RX1046,P291,D001,A0983,MED068,10mg,Twice Daily,5,2025-12-05
RX1047,P287,D003,A0096,MED023,500mg,As Needed,3,2026-05-29
RX1048,P112,D005,A0301,MED026,20mg,Twice Daily,7,2026-04-07
RX1049,P023,D001,A0249,MED097,250mg,Three Times Daily,30,2026-06-15
RX1050,P212,D003,A1620,MED082,10mg,Once Daily,30,2025-03-05
RX1051,P249,D004,A0675,MED087,10mg,As Needed,60,2025-05-01
RX1052,P221,D004,A0333,MED033,5mg,Once Daily,14,2026-02-27
RX1053,P234,D003,A0145,MED021,10mg,Once Daily,3,2025-02-23
RX1054,P271,D001,A0446,MED026,500mg,Once Daily,14,2025-12-06
RX1055,P238,D002,A0373,MED027,500mg,Once Daily,7,2025-08-18
RX1056,P272,D004,A1210,MED076,5mg,Twice Daily,7,2025-11-07
RX1057,P222,D003,A1935,MED008,250mg,Three Times Daily,5,2025-09-14
RX1058,P154,D004,A0242,MED063,5mg,Once Daily,60,2026-09-29
RX1059,P093,D003,A1917,MED033,20mg,As Needed,60,2026-10-16
RX1060,P144,D003,A1686,MED065,10mg,As Needed,30,2026-06-16
RX1061,P169,D004,A0596,MED055,10mg,Once Daily,30,2025-05-05
RX1062,P143,D002,A0212,MED006,20mg,As Needed,7,2025-08-16
RX1063,P213,D002,A1050,MED055,20mg,Three Times Daily,30,2025-04-01
RX1064,P018,D004,A1984,MED070,20mg,As Needed,60,2025-06-19
RX1065,P028,D002,A1679,MED035,500mg,Three Times Daily,14,2025-03-29
RX1066,P231,D005,A0394,MED028,250mg,Three Times Daily,14,2025-11-05
RX1067,P141,D001,A0550,MED078,250mg,Once Daily,7,2026-01-09
RX1068,P031,D003,A0576,MED075,500mg,Twice Daily,30,2025-03-08
RX1069,P162,D001,A1395,MED047,20mg,Twice Daily,7,2025-05-27
RX1070,P234,D005,A1261,MED049,20mg,Twice Daily,7,2026-10-03
RX1071,P190,D005,A1012,MED087,10mg,Three Times Daily,5,2026-09-10
RX1072,P193,D005,A0861,MED076,500mg,Three Times Daily,60,2026-07-08
RX1073,P281,D002,A0791,MED085,250mg,As Needed,7,2025-03-24
RX1074,P081,D004,A0927,MED013,500mg,As Needed,14,2025-12-25
RX1075,P013,D004,A0049,MED055,10mg,As Needed,5,2025-09-24
RX1076,P122,D003,A1001,MED082,10mg,Three Times Daily,3,2025-11-26
RX1077,P039,D005,A1153,MED016,20mg,Once Daily,14,2026-05-03
RX1078,P078,D001,A1315,MED091,500mg,Three Times Daily,3,2025-04-23
RX1079,P134,D004,A0670,MED025,500mg,Once Daily,3,2026-06-13
RX1080,P053,D005,A0297,MED096,250mg,Once Daily,5,2026-12-12
RX1081,P099,D001,A0235,MED029,10mg,Once Daily,7,2025-04-15
RX1082,P282,D004,A0211,MED021,10mg,Once Daily,7,2026-07-14
RX1083,P140,D003,A1275,MED074,250mg,Twice Daily,60,2026-01-17
RX1084,P280,D002,A1121,MED031,250mg,Three Times Daily,7,2026-03-22
RX1085,P063,D001,A0801,MED064,5mg,Twice Daily,5,2026-04-14
RX1086,P289,D005,A0760,MED089,10mg,As Needed,14,2025-03-25
RX1087,P274,D005,A1177,MED031,10mg,Once Daily,7,2026-09-17
RX1088,P072,D003,A0862,MED028,20mg,As Needed,7,2025-01-03
RX1089,P087,D005,A1444,MED024,10mg,Three Times Daily,60,2025-05-28
RX1090,P194,D003,A1618,MED063,500mg,As Needed,7,2026-10-13
RX1091,P041,D005,A0881,MED014,5mg,Twice Daily,3,2025-08-27
RX1092,P059,D002,A0033,MED097,20mg,Three Times Daily,3,2025-10-11
RX1093,P293,D004,A1313,MED096,500mg,Three Times Daily,3,2025-06-30
RX1094,P126,D005,A0455,MED026,20mg,Three Times Daily,30,2025-05-05
RX1095,P029,D004,A0361,MED019,250mg,As Needed,60,2026-09-13
RX1096,P292,D002,A1595,MED024,10mg,As Needed,14,2026-09-15
RX1097,P115,D001,A0659,MED082,500mg,Three Times Daily,60,2025-10-25
RX1098,P109,D004,A1802,MED048,500mg,Once Daily,7,2026-01-02
RX1099,P038,D003,A0155,MED056,250mg,Twice Daily,5,2025-11-02
RX1100,P287,D002,A1505,MED009,500mg,Once Daily,3,2025-05-17
RX1101,P205,D003,A1557,MED038,250mg,Twice Daily,14,2026-04-06
RX1102,P194,D002,A1087,MED001,500mg,Once Daily,5,2026-07-17
RX1103,P251,D005,A1028,MED077,10mg,Three Times Daily,30,2025-01-01
RX1104,P223,D003,A0225,MED059,10mg,As Needed,60,2025-03-01
RX1105,P223,D004,A0440,MED053,10mg,As Needed,60,2026-02-17
RX1106,P229,D001,A1219,MED033,250mg,Once Daily,60,2025-06-23
RX1107,P130,D001,A0781,MED050,5mg,As Needed,30,2025-11-25
RX1108,P232,D003,A1200,MED026,5mg,Three Times Daily,3,2025-02-21
RX1109,P271,D005,A1749,MED015,250mg,Three Times Daily,7,2026-02-18
RX1110,P053,D001,A0491,MED011,20mg,Twice Daily,3,2026-01-04
RX1111,P295,D002,A1034,MED023,10mg,Once Daily,5,2025-08-16
RX1112,P057,D002,A0276,MED062,250mg,Once Daily,5,2025-11-09
RX1113,P155,D002,A0478,MED085,20mg,Once Daily,7,2026-05-22
RX1114,P295,D004,A0577,MED083,10mg,Three Times Daily,30,2025-03-08
RX1115,P131,D005,A0521,MED098,10mg,As Needed,30,2026-02-27
RX1116,P284,D004,A1580,MED052,20mg,Three Times Daily,14,2025-08-02
RX1117,P019,D004,A1181,MED068,10mg,Twice Daily,5,2026-05-25
RX1118,P168,D003,A0531,MED062,10mg,Three Times Daily,3,2026-04-27
RX1119,P144,D004,A1218,MED058,20mg,As Needed,7,2025-06-08
RX1120,P113,D004,A0499,MED087,10mg,Three Times Daily,7,2025-02-24
RX1121,P173,D002,A1881,MED008,20mg,Twice Daily,7,2025-02-05
RX1122,P271,D004,A0784,MED062,5mg,As Needed,14,2025-12-04
RX1123,P195,D002,A1238,MED023,20mg,As Needed,30,2026-03-28
RX1124,P154,D004,A0242,MED041,5mg,As Needed,7,2026-09-29
RX1125,P043,D005,A0884,MED007,20mg,As Needed,7,2026-10-09
RX1126,P212,D004,A1967,MED077,500mg,As Needed,60,2025-11-26
RX1127,P257,D005,A0754,MED097,5mg,Three Times Daily,5,2025-04-20
RX1128,P117,D002,A0173,MED027,10mg,Once Daily,3,2026-03-27
RX1129,P271,D001,A0725,MED022,250mg,Twice Daily,7,2026-07-03
RX1130,P145,D004,A1733,MED094,20mg,As Needed,7,2026-10-09
RX1131,P103,D002,A1661,MED048,10mg,As Needed,5,2026-05-06
RX1132,P055,D001,A0367,MED050,250mg,Three Times Daily,30,2025-10-26
RX1133,P025,D004,A0813,MED012,20mg,Twice Daily,60,2025-11-19
RX1134,P240,D003,A1359,MED051,5mg,Once Daily,30,2026-10-19
RX1135,P229,D003,A0193,MED032,250mg,Three Times Daily,7,2025-12-24
RX1136,P052,D004,A0041,MED037,20mg,Twice Daily,7,2026-04-16
RX1137,P167,D002,A0883,MED086,5mg,Twice Daily,14,2026-05-28
RX1138,P185,D004,A1041,MED003,10mg,Twice Daily,5,2026-08-22
RX1139,P128,D004,A0913,MED092,250mg,Three Times Daily,30,2025-12-07
RX1140,P087,D002,A0471,MED045,5mg,As Needed,60,2026-09-17
RX1141,P139,D003,A1408,MED050,20mg,Three Times Daily,60,2026-09-11
RX1142,P017,D003,A0551,MED044,500mg,Once Daily,14,2026-03-30
RX1143,P150,D003,A0142,MED003,20mg,Once Daily,7,2025-05-09
RX1144,P068,D002,A1187,MED093,10mg,Twice Daily,14,2026-10-02
RX1145,P005,D001,A0412,MED076,5mg,As Needed,5,2025-07-12
RX1146,P148,D005,A0937,MED071,10mg,Once Daily,60,2025-04-29
RX1147,P060,D003,A1411,MED073,500mg,Once Daily,5,2025-09-29
RX1148,P093,D003,A0023,MED094,250mg,Once Daily,7,2025-07-13
RX1149,P119,D005,A1932,MED093,5mg,Once Daily,5,2026-06-01
RX1150,P175,D004,A0035,MED038,250mg,Three Times Daily,30,2025-06-30
RX1151,P145,D003,A1216,MED030,5mg,Three Times Daily,7,2026-10-23
RX1152,P177,D002,A1950,MED021,20mg,Three Times Daily,30,2026-04-28
RX1153,P085,D004,A0879,MED006,5mg,Once Daily,3,2025-09-04
RX1154,P146,D003,A1970,MED098,500mg,Once Daily,7,2026-11-01
RX1155,P278,D003,A0799,MED019,20mg,Three Times Daily,3,2025-01-20
RX1156,P078,D003,A0248,MED057,5mg,As Needed,60,2025-05-20
RX1157,P271,D001,A0683,MED030,5mg,Three Times Daily,60,2025-11-30
RX1158,P222,D004,A0572,MED044,20mg,As Needed,60,2026-01-01
RX1159,P247,D005,A0985,MED013,20mg,As Needed,7,2025-01-04
RX1160,P056,D001,A1571,MED088,250mg,Twice Daily,30,2025-05-16
RX1161,P267,D002,A1392,MED049,20mg,Three Times Daily,14,2026-05-12
RX1162,P066,D003,A1396,MED098,20mg,As Needed,60,2026-08-19
RX1163,P091,D002,A1930,MED040,20mg,Twice Daily,3,2025-11-03
RX1164,P016,D002,A1946,MED022,5mg,Three Times Daily,60,2026-01-14
RX1165,P125,D005,A1485,MED066,10mg,Once Daily,60,2025-02-28
RX1166,P019,D002,A0733,MED088,10mg,Once Daily,7,2025-04-12
RX1167,P206,D002,A1630,MED037,10mg,Once Daily,7,2026-03-15
RX1168,P150,D003,A0138,MED050,5mg,Once Daily,60,2025-05-30
RX1169,P280,D004,A0384,MED051,20mg,As Needed,14,2025-04-27
RX1170,P061,D005,A1544,MED090,10mg,As Needed,7,2026-12-23
RX1171,P217,D005,A1533,MED013,5mg,Three Times Daily,30,2026-07-21
RX1172,P166,D001,A0558,MED030,500mg,As Needed,14,2026-11-02
RX1173,P200,D001,A1272,MED024,250mg,As Needed,3,2025-04-12
RX1174,P293,D002,A1747,MED069,10mg,Three Times Daily,5,2026-12-12
RX1175,P178,D005,A1171,MED070,20mg,Three Times Daily,60,2025-12-05
RX1176,P198,D003,A1650,MED001,5mg,Once Daily,60,2026-10-07
RX1177,P239,D002,A1947,MED046,20mg,Three Times Daily,60,2025-07-03
RX1178,P191,D003,A1855,MED011,20mg,As Needed,30,2026-08-20
RX1179,P184,D004,A1907,MED098,500mg,Once Daily,30,2025-07-06
RX1180,P027,D003,A0996,MED062,10mg,Three Times Daily,30,2025-10-18
RX1181,P294,D005,A0822,MED032,20mg,As Needed,5,2025-07-29
RX1182,P058,D005,A0121,MED095,500mg,Twice Daily,14,2026-12-02
RX1183,P108,D001,A1815,MED094,20mg,Three Times Daily,60,2025-03-22
RX1184,P199,D005,A1853,MED097,20mg,Once Daily,5,2026-11-13
RX1185,P035,D005,A0899,MED007,250mg,As Needed,30,2025-09-02
RX1186,P260,D001,A1886,MED095,10mg,Once Daily,30,2026-06-28
RX1187,P020,D005,A0060,MED086,250mg,Three Times Daily,7,2026-03-27
RX1188,P111,D003,A0837,MED098,20mg,As Needed,7,2026-07-03
RX1189,P040,D001,A0747,MED058,10mg,Twice Daily,30,2025-01-28
RX1190,P103,D004,A1381,MED055,250mg,As Needed,3,2026-08-10
RX1191,P180,D003,A1703,MED048,250mg,Twice Daily,30,2025-04-01
RX1192,P134,D004,A0515,MED049,10mg,Once Daily,30,2026-06-25
RX1193,P229,D001,A1219,MED094,250mg,Twice Daily,60,2025-06-23
RX1194,P236,D004,A1115,MED010,500mg,Once Daily,5,2025-03-29
RX1195,P054,D003,A0214,MED083,10mg,Twice Daily,30,2025-03-01
RX1196,P112,D005,A0301,MED017,20mg,Once Daily,14,2026-04-07
RX1197,P235,D002,A1478,MED035,250mg,As Needed,5,2025-06-07
RX1198,P165,D005,A1390,MED054,20mg,As Needed,30,2026-11-16
RX1199,P036,D002,A1083,MED091,20mg,Once Daily,14,2025-04-07
RX1200,P160,D001,A1071,MED007,20mg,As Needed,14,2026-11-29
RX1201,P030,D002,A1735,MED085,20mg,Twice Daily,14,2026-05-27
RX1202,P155,D004,A0418,MED012,250mg,Once Daily,7,2026-08-05
RX1203,P119,D003,A0753,MED034,500mg,Once Daily,5,2025-12-05
RX1204,P147,D003,A0946,MED015,500mg,As Needed,5,2026-01-02
RX1205,P074,D005,A1867,MED088,10mg,Twice Daily,60,2026-06-17
RX1206,P145,D003,A1216,MED006,10mg,Three Times Daily,5,2026-10-23
RX1207,P079,D004,A1627,MED058,500mg,Once Daily,5,2026-10-07
RX1208,P289,D002,A1979,MED076,20mg,Once Daily,60,2026-10-25
RX1209,P267,D005,A1838,MED064,250mg,Three Times Daily,60,2025-10-21
RX1210,P230,D001,A1835,MED010,20mg,As Needed,30,2026-06-14
RX1211,P077,D003,A0620,MED090,5mg,Once Daily,14,2026-03-21
RX1212,P130,D002,A0549,MED043,250mg,Three Times Daily,60,2025-11-21
RX1213,P088,D005,A1913,MED059,500mg,Twice Daily,14,2026-03-04
RX1214,P269,D002,A1850,MED073,250mg,Twice Daily,7,2026-04-13
RX1215,P080,D001,A0325,MED046,10mg,Once Daily,5,2025-07-14
RX1216,P175,D003,A1047,MED092,500mg,Twice Daily,14,2026-06-12
RX1217,P210,D005,A1372,MED049,250mg,Three Times Daily,3,2025-01-15
RX1218,P217,D002,A1070,MED093,20mg,Three Times Daily,5,2025-09-06
RX1219,P049,D005,A1746,MED013,250mg,Once Daily,30,2025-08-31
RX1220,P228,D001,A0673,MED091,20mg,Once Daily,5,2026-02-16
RX1221,P185,D004,A1621,MED003,500mg,As Needed,30,2025-04-09
RX1222,P028,D003,A1110,MED046,10mg,Twice Daily,5,2025-12-18
RX1223,P176,D002,A0677,MED043,5mg,As Needed,5,2025-04-20
RX1224,P096,D004,A0769,MED020,5mg,Twice Daily,3,2025-02-22
RX1225,P052,D004,A0041,MED066,10mg,As Needed,7,2026-04-16
RX1226,P186,D001,A1694,MED095,20mg,Once Daily,7,2026-10-24
RX1227,P132,D005,A1681,MED017,20mg,Twice Daily,14,2025-01-12
RX1228,P090,D004,A0086,MED001,500mg,Twice Daily,30,2025-12-07
RX1229,P254,D003,A0815,MED081,500mg,Three Times Daily,14,2026-06-12
RX1230,P291,D002,A1320,MED017,250mg,Once Daily,3,2025-10-06
RX1231,P127,D001,A1329,MED026,500mg,Three Times Daily,60,2026-03-16
RX1232,P199,D005,A1702,MED017,20mg,Once Daily,60,2026-06-11
RX1233,P131,D001,A1327,MED090,250mg,Twice Daily,5,2026-11-18
RX1234,P295,D002,A1034,MED073,10mg,Twice Daily,5,2025-08-16
RX1235,P189,D001,A0073,MED065,250mg,As Needed,14,2025-06-28
RX1236,P266,D003,A0358,MED002,20mg,Twice Daily,14,2025-05-08
RX1237,P168,D005,A0486,MED072,5mg,Twice Daily,3,2025-09-24
RX1238,P257,D001,A0266,MED097,10mg,As Needed,14,2025-10-31
RX1239,P091,D004,A1366,MED090,10mg,Three Times Daily,7,2025-06-24
RX1240,P010,D003,A1842,MED059,10mg,As Needed,14,2026-04-21
RX1241,P068,D003,A0672,MED035,500mg,Twice Daily,7,2026-04-19
RX1242,P005,D001,A0412,MED020,10mg,Three Times Daily,14,2025-07-12
RX1243,P066,D001,A1048,MED092,250mg,Once Daily,14,2025-07-23
RX1244,P038,D002,A0119,MED024,20mg,Three Times Daily,3,2026-07-29
RX1245,P092,D005,A0287,MED070,250mg,As Needed,5,2025-09-09
RX1246,P009,D004,A0524,MED027,5mg,Once Daily,7,2025-09-21
RX1247,P295,D002,A1034,MED016,250mg,Three Times Daily,30,2025-08-16
RX1248,P265,D003,A1778,MED092,500mg,Twice Daily,30,2026-02-09
RX1249,P220,D004,A1427,MED019,500mg,Twice Daily,60,2025-06-22
RX1250,P081,D003,A1052,MED017,250mg,As Needed,60,2025-04-16
RX1251,P283,D005,A1816,MED078,20mg,Once Daily,5,2026-01-11
RX1252,P055,D002,A1759,MED009,500mg,Once Daily,3,2025-12-02
RX1253,P022,D005,A0163,MED068,5mg,Once Daily,3,2025-06-27
RX1254,P127,D005,A1258,MED071,250mg,Twice Daily,5,2025-02-26
RX1255,P204,D003,A1127,MED017,10mg,Three Times Daily,5,2026-12-27
RX1256,P166,D003,A0802,MED033,250mg,Three Times Daily,60,2025-09-11
RX1257,P065,D002,A0246,MED064,250mg,As Needed,30,2026-09-16
RX1258,P029,D004,A0457,MED051,250mg,Three Times Daily,5,2026-04-10
RX1259,P027,D002,A0819,MED060,10mg,Twice Daily,3,2026-04-16
RX1260,P106,D003,A1451,MED001,10mg,Once Daily,3,2025-10-17
RX1261,P108,D001,A0999,MED057,5mg,Three Times Daily,30,2026-01-11
RX1262,P138,D003,A1832,MED095,500mg,Once Daily,3,2025-04-21
RX1263,P282,D002,A1404,MED094,250mg,Twice Daily,3,2025-12-23
RX1264,P079,D001,A0907,MED091,5mg,Twice Daily,14,2025-05-31
RX1265,P232,D003,A1196,MED004,5mg,Twice Daily,14,2026-11-26
RX1266,P121,D002,A0912,MED017,500mg,Twice Daily,30,2026-03-08
RX1267,P060,D003,A1411,MED068,5mg,Three Times Daily,60,2025-09-29
RX1268,P201,D001,A1399,MED094,10mg,Twice Daily,30,2026-07-16
RX1269,P067,D005,A0506,MED020,5mg,As Needed,7,2025-05-07
RX1270,P196,D005,A0855,MED063,10mg,Twice Daily,60,2025-02-19
RX1271,P157,D003,A0642,MED081,250mg,Three Times Daily,5,2025-09-16
RX1272,P091,D004,A1366,MED080,20mg,Once Daily,14,2025-06-24
RX1273,P180,D003,A0507,MED071,5mg,Twice Daily,5,2026-12-10
RX1274,P169,D004,A0936,MED024,5mg,As Needed,5,2026-09-05
RX1275,P009,D001,A1873,MED084,500mg,As Needed,30,2026-07-29
RX1276,P100,D001,A0483,MED059,5mg,Twice Daily,7,2025-09-15
RX1277,P192,D005,A0702,MED097,5mg,As Needed,14,2026-11-12
RX1278,P289,D005,A0760,MED074,5mg,Twice Daily,5,2025-03-25
RX1279,P185,D004,A1041,MED018,500mg,Twice Daily,3,2026-08-22
RX1280,P033,D003,A1103,MED066,250mg,As Needed,7,2026-03-27
RX1281,P112,D002,A1736,MED081,250mg,Three Times Daily,3,2025-03-29
RX1282,P047,D003,A1761,MED067,10mg,Once Daily,3,2026-06-29
RX1283,P185,D001,A0523,MED061,5mg,Three Times Daily,30,2026-09-09
RX1284,P256,D001,A1769,MED056,5mg,As Needed,7,2026-01-04
RX1285,P078,D003,A0956,MED060,250mg,Once Daily,60,2026-10-13
RX1286,P164,D005,A1008,MED059,20mg,As Needed,5,2026-10-03
RX1287,P273,D005,A0416,MED035,500mg,Once Daily,30,2026-09-07
RX1288,P282,D004,A1581,MED037,250mg,Once Daily,7,2026-01-02
RX1289,P012,D001,A0945,MED095,20mg,Twice Daily,3,2025-08-25
RX1290,P189,D005,A1433,MED033,10mg,Once Daily,30,2026-06-27
RX1291,P195,D003,A0134,MED046,5mg,As Needed,7,2026-10-27
RX1292,P116,D001,A0534,MED033,500mg,Twice Daily,5,2026-12-23
RX1293,P012,D002,A0535,MED066,10mg,Three Times Daily,7,2025-02-09
RX1294,P008,D005,A0199,MED065,5mg,As Needed,5,2026-09-02
RX1295,P275,D003,A0029,MED083,20mg,Twice Daily,30,2026-08-29
RX1296,P179,D004,A0517,MED057,250mg,Three Times Daily,3,2025-02-23
RX1297,P271,D001,A1713,MED005,20mg,Twice Daily,5,2026-10-20
RX1298,P225,D001,A1691,MED027,250mg,As Needed,60,2025-06-07
RX1299,P003,D001,A0189,MED062,250mg,Twice Daily,60,2025-07-18
RX1300,P156,D003,A1585,MED007,20mg,As Needed,30,2025-04-15
RX1301,P183,D003,A1014,MED069,250mg,Three Times Daily,30,2025-08-02
RX1302,P147,D003,A0128,MED064,5mg,Twice Daily,60,2026-11-01
RX1303,P078,D002,A1888,MED060,20mg,As Needed,7,2025-08-02
RX1304,P051,D002,A1229,MED087,10mg,Three Times Daily,7,2026-03-15
RX1305,P064,D003,A0354,MED028,500mg,As Needed,3,2026-02-21
RX1306,P113,D004,A1722,MED059,5mg,Twice Daily,30,2026-04-25
RX1307,P175,D003,A1065,MED010,5mg,Twice Daily,30,2025-10-22
RX1308,P105,D001,A1786,MED051,500mg,Once Daily,30,2026-03-11
RX1309,P259,D001,A0889,MED079,500mg,Three Times Daily,5,2025-10-03
RX1310,P122,D005,A0795,MED080,20mg,As Needed,14,2025-12-29
RX1311,P097,D002,A0998,MED001,250mg,As Needed,7,2026-08-26
RX1312,P205,D003,A1468,MED010,20mg,As Needed,14,2026-07-10
RX1313,P167,D001,A1758,MED099,5mg,Once Daily,60,2026-06-07
RX1314,P038,D001,A0383,MED065,5mg,Once Daily,30,2025-06-11
RX1315,P183,D002,A0712,MED075,500mg,Twice Daily,14,2026-01-01
RX1316,P129,D001,A0787,MED027,5mg,Once Daily,14,2025-11-21
RX1317,P014,D005,A1019,MED024,500mg,Once Daily,7,2026-11-14
RX1318,P169,D004,A0596,MED049,500mg,Three Times Daily,60,2025-05-05
RX1319,P255,D002,A0895,MED093,20mg,As Needed,5,2025-12-22
RX1320,P290,D002,A1912,MED005,500mg,As Needed,7,2025-05-12
RX1321,P043,D002,A0609,MED008,250mg,Twice Daily,30,2025-08-24
RX1322,P199,D005,A1853,MED049,250mg,Three Times Daily,5,2026-11-13
RX1323,P248,D002,A0045,MED023,20mg,Once Daily,7,2026-12-09
RX1324,P114,D001,A1562,MED019,500mg,Three Times Daily,30,2025-03-25
RX1325,P123,D003,A0375,MED015,5mg,Twice Daily,5,2025-04-03
RX1326,P199,D002,A1003,MED064,250mg,Once Daily,14,2026-09-26
RX1327,P118,D004,A0068,MED089,10mg,Twice Daily,5,2026-10-06
RX1328,P132,D005,A1681,MED033,10mg,Once Daily,5,2025-01-12
RX1329,P013,D003,A1773,MED044,250mg,Twice Daily,5,2026-09-01
RX1330,P006,D005,A1346,MED043,250mg,Three Times Daily,7,2026-06-23
RX1331,P055,D001,A0498,MED006,5mg,Twice Daily,7,2025-04-03
RX1332,P039,D003,A1079,MED070,10mg,Once Daily,5,2026-03-01
RX1333,P254,D005,A0470,MED042,5mg,As Needed,7,2026-11-22
RX1334,P061,D002,A0740,MED011,5mg,As Needed,3,2025-04-08
RX1335,P294,D002,A1148,MED063,20mg,Three Times Daily,7,2025-11-21
RX1336,P244,D003,A0752,MED087,10mg,Twice Daily,3,2025-10-25
RX1337,P084,D005,A0021,MED005,5mg,As Needed,3,2025-02-02
RX1338,P208,D005,A0313,MED005,250mg,As Needed,30,2026-12-27
RX1339,P248,D003,A0343,MED054,500mg,Three Times Daily,14,2026-06-26
RX1340,P007,D004,A0307,MED045,20mg,Three Times Daily,60,2025-01-07
RX1341,P051,D002,A1229,MED047,250mg,Once Daily,14,2026-03-15
RX1342,P084,D005,A0021,MED018,250mg,Once Daily,5,2025-02-02
RX1343,P143,D002,A0212,MED023,5mg,Once Daily,3,2025-08-16
RX1344,P173,D003,A1090,MED010,5mg,Three Times Daily,5,2025-08-07
RX1345,P051,D001,A0147,MED016,5mg,Once Daily,14,2026-07-05
RX1346,P274,D005,A1177,MED068,5mg,Three Times Daily,7,2026-09-17
RX1347,P094,D002,A1453,MED098,250mg,Twice Daily,7,2026-01-07
RX1348,P025,D002,A1161,MED001,5mg,Three Times Daily,30,2026-01-19
RX1349,P263,D002,A0215,MED083,5mg,Twice Daily,7,2025-01-21
RX1350,P287,D004,A0366,MED088,20mg,Twice Daily,7,2026-11-29
RX1351,P276,D001,A0615,MED078,10mg,As Needed,30,2026-06-27
RX1352,P158,D002,A0405,MED017,250mg,As Needed,3,2026-06-13
RX1353,P094,D001,A1455,MED036,500mg,Three Times Daily,60,2026-05-30
RX1354,P206,D002,A1630,MED061,5mg,Once Daily,60,2026-03-15
RX1355,P150,D004,A0901,MED064,5mg,Three Times Daily,3,2025-04-11
RX1356,P111,D005,A0222,MED096,20mg,As Needed,14,2025-05-23
RX1357,P101,D003,A1032,MED099,5mg,As Needed,30,2025-12-04
RX1358,P209,D001,A1077,MED019,250mg,As Needed,5,2026-11-27
RX1359,P054,D002,A0345,MED096,10mg,Three Times Daily,30,2025-10-15
RX1360,P179,D004,A0517,MED059,250mg,Twice Daily,60,2025-02-23
RX1361,P027,D002,A0674,MED066,10mg,Twice Daily,60,2025-11-04
RX1362,P123,D004,A0970,MED091,250mg,Once Daily,30,2026-07-23
RX1363,P181,D003,A0676,MED066,10mg,Three Times Daily,3,2026-07-29
RX1364,P086,D003,A0459,MED067,5mg,Once Daily,5,2025-08-10
RX1365,P094,D002,A1956,MED073,10mg,Twice Daily,7,2025-02-22
RX1366,P259,D005,A1854,MED022,10mg,As Needed,60,2025-01-19
RX1367,P267,D002,A1392,MED043,20mg,Three Times Daily,14,2026-05-12
RX1368,P116,D005,A0678,MED033,250mg,Once Daily,7,2026-07-12
RX1369,P100,D002,A0686,MED080,500mg,Once Daily,14,2025-11-28
RX1370,P271,D003,A1141,MED057,250mg,As Needed,5,2026-07-21
RX1371,P049,D001,A1954,MED039,250mg,Once Daily,3,2026-07-30
RX1372,P119,D004,A1603,MED067,20mg,Twice Daily,5,2026-08-10
RX1373,P203,D001,A1033,MED033,20mg,Twice Daily,7,2025-02-02
RX1374,P069,D002,A0207,MED005,20mg,Three Times Daily,30,2026-05-26
RX1375,P272,D002,A1037,MED076,20mg,Once Daily,60,2025-06-05
RX1376,P133,D002,A0130,MED023,500mg,As Needed,5,2026-06-05
RX1377,P161,D001,A1402,MED040,20mg,As Needed,7,2026-06-02
RX1378,P015,D003,A1573,MED021,10mg,Twice Daily,30,2026-12-06
RX1379,P229,D002,A0987,MED077,20mg,As Needed,7,2026-12-18
RX1380,P197,D004,A0192,MED061,20mg,As Needed,60,2025-07-30
RX1381,P222,D005,A1122,MED030,250mg,As Needed,7,2026-09-28
RX1382,P233,D005,A0495,MED067,500mg,Three Times Daily,3,2026-11-05
RX1383,P217,D002,A1070,MED034,500mg,Three Times Daily,3,2025-09-06
RX1384,P223,D002,A1326,MED090,250mg,Three Times Daily,3,2026-03-09
RX1385,P273,D005,A0909,MED018,5mg,Twice Daily,7,2026-03-01
RX1386,P027,D002,A0819,MED067,10mg,Once Daily,7,2026-04-16
RX1387,P197,D005,A0978,MED041,500mg,Once Daily,7,2026-04-28
RX1388,P105,D002,A1911,MED005,5mg,Twice Daily,60,2026-11-06
RX1389,P127,D003,A1450,MED047,500mg,Twice Daily,7,2025-01-27
RX1390,P021,D001,A1259,MED028,10mg,Once Daily,60,2026-02-21
RX1391,P165,D005,A1322,MED071,5mg,Twice Daily,30,2026-09-23
RX1392,P163,D003,A0409,MED094,20mg,Once Daily,3,2026-08-10
RX1393,P206,D002,A0541,MED023,20mg,Once Daily,14,2026-06-03
RX1394,P064,D003,A1101,MED012,10mg,Twice Daily,60,2026-08-17
RX1395,P281,D005,A1418,MED055,5mg,Once Daily,5,2026-04-05
RX1396,P232,D003,A1200,MED061,5mg,Three Times Daily,60,2025-02-21
RX1397,P075,D002,A0328,MED041,250mg,As Needed,60,2025-06-07
RX1398,P260,D002,A0085,MED093,10mg,Three Times Daily,60,2025-11-05
RX1399,P075,D005,A0226,MED035,10mg,Once Daily,60,2026-12-17
RX1400,P243,D002,A0922,MED020,250mg,As Needed,60,2026-01-03
RX1401,P118,D005,A1319,MED043,500mg,Three Times Daily,3,2025-11-27
RX1402,P288,D003,A0698,MED004,500mg,As Needed,3,2025-03-05
RX1403,P014,D001,A0765,MED035,250mg,Once Daily,60,2025-05-09
RX1404,P264,D005,A0057,MED082,500mg,Three Times Daily,7,2025-12-19
RX1405,P065,D005,A0962,MED051,250mg,Once Daily,7,2026-01-20
RX1406,P170,D005,A0161,MED095,5mg,As Needed,5,2026-06-30
RX1407,P099,D004,A1124,MED040,10mg,As Needed,7,2025-04-20
RX1408,P239,D001,A0274,MED025,250mg,Once Daily,7,2025-03-06
RX1409,P167,D004,A0671,MED047,250mg,Three Times Daily,7,2026-08-22
RX1410,P154,D003,A1212,MED013,250mg,Once Daily,14,2025-05-05
RX1411,P276,D002,A1708,MED016,500mg,Once Daily,14,2025-03-27
RX1412,P190,D002,A1222,MED075,10mg,Three Times Daily,7,2026-08-14
RX1413,P081,D004,A1183,MED032,250mg,Twice Daily,7,2025-07-03
RX1414,P212,D003,A1438,MED031,250mg,Three Times Daily,30,2026-03-18
RX1415,P106,D003,A1451,MED065,250mg,As Needed,5,2025-10-17
RX1416,P256,D003,A1601,MED061,250mg,As Needed,5,2025-03-25
RX1417,P061,D002,A0740,MED084,20mg,Three Times Daily,5,2025-04-08
RX1418,P076,D003,A0312,MED057,20mg,As Needed,60,2025-01-02
RX1419,P027,D004,A1989,MED053,250mg,Once Daily,3,2025-10-01
RX1420,P165,D005,A1390,MED051,20mg,As Needed,5,2026-11-16
RX1421,P292,D002,A1595,MED043,5mg,Twice Daily,14,2026-09-15
RX1422,P196,D003,A1376,MED013,20mg,As Needed,5,2025-08-08
RX1423,P045,D005,A0180,MED080,250mg,Twice Daily,3,2026-09-08
RX1424,P195,D003,A0134,MED068,5mg,Once Daily,60,2026-10-27
RX1425,P085,D002,A0230,MED023,10mg,Twice Daily,60,2025-02-07
RX1426,P225,D004,A1823,MED034,250mg,As Needed,14,2025-11-20
RX1427,P299,D002,A0595,MED042,250mg,As Needed,30,2025-07-27
RX1428,P280,D002,A0882,MED078,250mg,Three Times Daily,60,2026-04-21
RX1429,P280,D001,A0203,MED073,10mg,Once Daily,30,2025-10-28
RX1430,P251,D005,A1597,MED082,5mg,Three Times Daily,7,2025-05-12
RX1431,P060,D003,A1411,MED058,10mg,Once Daily,5,2025-09-29
RX1432,P193,D004,A0476,MED065,10mg,Three Times Daily,14,2025-08-27
RX1433,P065,D003,A0661,MED042,500mg,As Needed,60,2026-08-03
RX1434,P135,D003,A0052,MED099,10mg,As Needed,30,2025-09-27
RX1435,P100,D005,A0794,MED073,250mg,Twice Daily,5,2025-04-18
RX1436,P082,D005,A1498,MED036,10mg,As Needed,5,2025-12-25
RX1437,P189,D005,A1271,MED098,250mg,As Needed,14,2026-08-16
RX1438,P165,D003,A0046,MED011,250mg,Three Times Daily,5,2026-10-28
RX1439,P016,D005,A1983,MED003,500mg,Three Times Daily,5,2025-03-19
RX1440,P297,D001,A1165,MED010,250mg,Twice Daily,7,2025-04-25
RX1441,P129,D004,A0647,MED062,20mg,Twice Daily,14,2026-10-20
RX1442,P285,D003,A0104,MED006,20mg,As Needed,3,2026-07-06
RX1443,P029,D001,A0449,MED007,10mg,Once Daily,60,2025-05-30
RX1444,P295,D003,A1456,MED033,250mg,Twice Daily,60,2026-01-01
RX1445,P073,D001,A1312,MED053,250mg,As Needed,14,2025-11-01
RX1446,P099,D001,A0630,MED039,5mg,As Needed,5,2025-05-20
RX1447,P249,D002,A0618,MED002,5mg,As Needed,7,2026-01-29
RX1448,P274,D003,A0122,MED056,5mg,As Needed,7,2026-07-15
RX1449,P092,D005,A1517,MED096,20mg,Twice Daily,30,2025-01-30
RX1450,P215,D001,A1558,MED002,5mg,As Needed,5,2025-04-19
RX1451,P105,D004,A0869,MED039,500mg,Three Times Daily,60,2026-04-29
RX1452,P260,D001,A1027,MED066,250mg,Once Daily,14,2025-07-28
RX1453,P028,D003,A1239,MED064,250mg,Three Times Daily,5,2026-11-18
RX1454,P230,D004,A1803,MED061,250mg,Three Times Daily,3,2026-11-27
RX1455,P111,D004,A1755,MED057,250mg,Once Daily,14,2025-09-03
RX1456,P211,D004,A0407,MED042,10mg,Twice Daily,14,2025-06-09
RX1457,P180,D001,A0415,MED078,5mg,Twice Daily,30,2025-10-10
RX1458,P289,D004,A0628,MED058,10mg,Three Times Daily,3,2025-08-17
RX1459,P163,D002,A0885,MED003,5mg,Three Times Daily,60,2025-10-03
RX1460,P275,D002,A0275,MED050,250mg,Twice Daily,3,2026-02-05
RX1461,P078,D004,A1884,MED052,250mg,As Needed,5,2025-02-11
RX1462,P190,D005,A1012,MED064,5mg,Twice Daily,3,2026-09-10
RX1463,P151,D004,A0131,MED088,500mg,Once Daily,60,2026-09-24
RX1464,P011,D004,A0070,MED050,10mg,Twice Daily,60,2026-07-30
RX1465,P065,D002,A0246,MED084,250mg,Three Times Daily,30,2026-09-16
RX1466,P085,D001,A1568,MED010,500mg,Twice Daily,5,2026-05-19
RX1467,P151,D004,A1794,MED054,10mg,Twice Daily,14,2026-01-12
RX1468,P149,D001,A1434,MED048,10mg,Three Times Daily,30,2025-08-13
RX1469,P051,D001,A1890,MED011,10mg,As Needed,7,2026-11-08
RX1470,P160,D004,A1847,MED015,10mg,Twice Daily,3,2026-01-15
RX1471,P078,D002,A1081,MED010,5mg,Once Daily,5,2025-01-17
RX1472,P242,D003,A0322,MED088,250mg,Twice Daily,7,2026-01-15
RX1473,P284,D004,A0699,MED043,250mg,Once Daily,7,2025-07-18
RX1474,P179,D001,A0251,MED020,500mg,Twice Daily,7,2026-12-23
RX1475,P098,D005,A1586,MED031,20mg,Twice Daily,14,2026-04-10
RX1476,P077,D005,A1902,MED074,500mg,Once Daily,30,2025-12-05
RX1477,P031,D002,A1730,MED029,20mg,Once Daily,5,2026-10-30
RX1478,P108,D001,A0999,MED041,10mg,Three Times Daily,30,2026-01-11
RX1479,P032,D003,A0363,MED067,20mg,Twice Daily,60,2026-12-04
RX1480,P037,D005,A1473,MED051,250mg,Twice Daily,30,2025-01-08
RX1481,P129,D004,A0647,MED082,10mg,As Needed,7,2026-10-20
RX1482,P075,D002,A1849,MED001,5mg,Once Daily,7,2025-03-09
RX1483,P206,D003,A0156,MED011,5mg,Three Times Daily,30,2026-03-18
RX1484,P112,D001,A0444,MED021,5mg,Twice Daily,60,2026-11-09
RX1485,P171,D002,A0877,MED045,5mg,As Needed,3,2025-11-04
RX1486,P252,D001,A0717,MED098,250mg,Twice Daily,14,2025-09-24
RX1487,P144,D003,A1686,MED047,500mg,As Needed,3,2026-06-16
RX1488,P104,D004,A0089,MED099,10mg,Twice Daily,5,2025-10-02
RX1489,P106,D003,A1451,MED071,20mg,As Needed,30,2025-10-17
RX1490,P018,D002,A0201,MED036,20mg,Three Times Daily,60,2026-01-29
RX1491,P051,D002,A1229,MED001,5mg,Once Daily,7,2026-03-15
RX1492,P281,D005,A1418,MED076,5mg,Three Times Daily,7,2026-04-05
RX1493,P296,D001,A1680,MED083,10mg,As Needed,30,2025-08-04
RX1494,P229,D003,A1534,MED018,5mg,Once Daily,5,2026-04-24
RX1495,P243,D002,A1179,MED037,20mg,Three Times Daily,5,2026-11-30
RX1496,P081,D001,A1808,MED032,250mg,Once Daily,60,2026-04-04
RX1497,P223,D003,A1643,MED068,10mg,Once Daily,30,2026-02-21
RX1498,P174,D001,A1447,MED059,500mg,Twice Daily,5,2026-08-29
RX1499,P034,D004,A0423,MED086,20mg,Three Times Daily,5,2026-05-24
RX1500,P140,D005,A0200,MED050,5mg,Twice Daily,3,2026-04-07
